variant,autonym_appendix4,autonym_body
cora-de-jesus-maria,chwisita’na,chwísita’na
cora-tereseno,kweimarusa’na,kwéimarusa’na
cora-presideno,muxata’ana,múxata’ana
cora-corapeno,kuraapa,kuráàpa
otomi-del-oeste,nathó,ñathó
otomi-del-valle-del-mezquital,ñóhnño (del valle del Mezquital),ñóhnño (del Valle del Mezquital)
otomi-de-tilapa-o-del-sur,nü’hü,ñü’hü
chinanteco-del-oeste-central-bajo,jajmi dzä kï ï ’,jajmi dzä kï ï’
tlapaneco-del-sur,me'pha a tsíndíí,me'phaa tsíndíí
tlapaneco-central-bajo,me'pha a xkua ixi ridií,me'phaa xkua ixi ridií
tlapaneco-del-suroeste,me'pa a wí'i in,me'paa wí'i in
tlapaneco-del-este,me'pha a bátháá,me'phaa bátháá
tlapaneco-del-centro,mi'pha a míŋuíí,mi'phaa míŋuíí
tlapaneco-del-norte,me'pha a xirágáá,me'phaa xirágáá
tlapaneco-del-noroeste-alto,me'pha a agua a,me'phaa aguaa
mazateco-del-suroeste,Ienra naxinandana nnandia,ienra naxinandana nnandia
mazateco-de-puebla,an xo’boo,An xo’boo
zapoteco-de-san-antonino-el-alto,di’tse’e (de San Antonio el Alto),di’tse’e (de San Antonino el Alto)
zapoteco-serrano-del-sureste,didza shon (serrano del sureste),"didza shon (serrano, del sureste)"
zapoteco-serrano-del-sureste-medio,didza shon (serrano del sureste medio),"didza shon (serrano, del sureste medio)"
zapoteco-serrano-del-sureste-medio,dilla xhon (serrano del sureste medio),"dilla xhon (serrano, del sureste medio)"
zapoteco-serrano-del-sureste-alto,dilla xhon (serrano del sureste alto),"dilla xhon (serrano, del sureste alto)"
zapoteco-de-la-sierra-sur-del-norte,dizde (de la Sierra sur del norte),"dizde (de la Sierra sur, del norte)"
amuzgo-alto-del-este,jnòn’ ndá Tsjóon Nuàn,jnòn’ ndá tsjóon nuàn
