inali_name,raw_iso639_3,canonical_glottocode,match_type,source,collective_code
Akateko,knj,west2635,exact,glottolog-cldf v5.3 (doi:10.5281/zenodo.18840967),
amuzgo,amu;azg;azm,amuz1254,many-to-one,glottolog-cldf v5.3 (doi:10.5281/zenodo.18840967),
Awakateko,agu,agua1252,exact,glottolog-cldf v5.3 (doi:10.5281/zenodo.18840967),
ayapaneco,zoq,taba1264,exact,glottolog-cldf v5.3 (doi:10.5281/zenodo.18840967),
cora,cok;crn,cora1260,many-to-one,glottolog-cldf v5.3 (doi:10.5281/zenodo.18840967),
cucapá,coc,coco1261,exact,glottolog-cldf v5.3 (doi:10.5281/zenodo.18840967),
cuicateco,cut;cux,cuic1234,many-to-one,glottolog-cldf v5.3 (doi:10.5281/zenodo.18840967),
chatino,cly;cta;ctp;ctz;cya;czn,core1263,many-to-one,glottolog-cldf v5.3 (doi:10.5281/zenodo.18840967),
chichimeco jonaz,pei,chic1272,exact,glottolog-cldf v5.3 (doi:10.5281/zenodo.18840967),
chinanteco,cco;chj;chq;chz;cle;cnl;cnt;cpa;csa;cso;cte;ctl;cuc;cvn,chin1484,many-to-one,glottolog-cldf v5.3 (doi:10.5281/zenodo.18840967),
chocholteco,coz,choc1279,exact,glottolog-cldf v5.3 (doi:10.5281/zenodo.18840967),
chontal de Oaxaca,chd;clo,tequ1244,many-to-one,glottolog-cldf v5.3 (doi:10.5281/zenodo.18840967),
chontal de Tabasco,chf,taba1266,exact,glottolog-cldf v5.3 (doi:10.5281/zenodo.18840967),
Chuj,cac,chuj1250,exact,glottolog-cldf v5.3 (doi:10.5281/zenodo.18840967),
ch'ol,ctu,chol1282,exact,glottolog-cldf v5.3 (doi:10.5281/zenodo.18840967),
guarijío,var,huar1255,exact,glottolog-cldf v5.3 (doi:10.5281/zenodo.18840967),
huasteco,hus,huas1242,exact,glottolog-cldf v5.3 (doi:10.5281/zenodo.18840967),
huave,hue;huv;hve;hvv,huav1256,many-to-one,glottolog-cldf v5.3 (doi:10.5281/zenodo.18840967),
huichol,hch,huic1243,exact,glottolog-cldf v5.3 (doi:10.5281/zenodo.18840967),
ixcateco,ixc,ixca1245,exact,glottolog-cldf v5.3 (doi:10.5281/zenodo.18840967),
Ixil,ixl,ixil1251,exact,glottolog-cldf v5.3 (doi:10.5281/zenodo.18840967),
Jakalteko,jac,popt1235,exact,glottolog-cldf v5.3 (doi:10.5281/zenodo.18840967),
Kaqchikel,cak,kaqc1270,exact,glottolog-cldf v5.3 (doi:10.5281/zenodo.18840967),
Kickapoo,kic,kick1244,exact,glottolog-cldf v5.3 (doi:10.5281/zenodo.18840967),
kiliwa,klb,kili1268,exact,glottolog-cldf v5.3 (doi:10.5281/zenodo.18840967),
kumiai,dih,kumi1248,exact,glottolog-cldf v5.3 (doi:10.5281/zenodo.18840967),
ku'ahl,,,unresolved,glottolog-cldf v5.3 (doi:10.5281/zenodo.18840967),
K'iche',quc,kich1262,exact,glottolog-cldf v5.3 (doi:10.5281/zenodo.18840967),
lacandón,lac,laca1243,exact,glottolog-cldf v5.3 (doi:10.5281/zenodo.18840967),
Mam,mam,mamm1241,exact,glottolog-cldf v5.3 (doi:10.5281/zenodo.18840967),
matlatzinca,mat,sanf1262,exact,glottolog-cldf v5.3 (doi:10.5281/zenodo.18840967),
maya,yua,yuca1254,exact,glottolog-cldf v5.3 (doi:10.5281/zenodo.18840967),
mayo,mfy,mayo1264,exact,glottolog-cldf v5.3 (doi:10.5281/zenodo.18840967),
mazahua,maz;mmc,maza1293,many-to-one,glottolog-cldf v5.3 (doi:10.5281/zenodo.18840967),
mazateco,maa;maj;maq;mau;mzi;pbm;vmp;vmy;vmz,maza1295,many-to-one,glottolog-cldf v5.3 (doi:10.5281/zenodo.18840967),
mixe,mco;mir;mto;mxp;mxq;mzl;neq,oaxa1241,many-to-one,glottolog-cldf v5.3 (doi:10.5281/zenodo.18840967),
mixteco,jmx;mab;mbz;mce;mdv;meh;mib;mie;mig;mih;mii;mil;mim;mio;mip;mit;miu;mix;miy;miz;mjc;mks;mpm;mqh;mtu;mtx;mvg;mxa;mxb;mxs;mxt;mxv;mxy;mza;vmc;vmj;vmm;vmq;vmx;xta;xtb;xtd;xti;xtj;xtl;xtm;xtn;xtp;xts;xtt;xtu;xty,mixt1427,many-to-one,glottolog-cldf v5.3 (doi:10.5281/zenodo.18840967),
náhuatl,azd;azn;azz;naz;nch;ncj;ncl;ncx;ngu;nhc;nhe;nhg;nhi;nhk;nhm;nhn;nhp;nhq;nht;nhv;nhw;nhx;nhy;nhz;nlv;npl;nsu;nuz,azte1234,many-to-one,glottolog-cldf v5.3 (doi:10.5281/zenodo.18840967),nah
oluteco,plo,olut1240,exact,glottolog-cldf v5.3 (doi:10.5281/zenodo.18840967),
otomí,ote;otl;otm;otn;otq;ots;ott;otx;otz,,unresolved,glottolog-cldf v5.3 (doi:10.5281/zenodo.18840967),
paipai,ppi,paip1241,exact,glottolog-cldf v5.3 (doi:10.5281/zenodo.18840967),
pame,pbs;pmq,pame1260,many-to-one,glottolog-cldf v5.3 (doi:10.5281/zenodo.18840967),
pápago,ood,toho1245,exact,glottolog-cldf v5.3 (doi:10.5281/zenodo.18840967),
pima,pia,pima1248,exact,glottolog-cldf v5.3 (doi:10.5281/zenodo.18840967),
popoloca,pbe;pbf;pca;pls;poe;pow;pps,popo1294,many-to-one,glottolog-cldf v5.3 (doi:10.5281/zenodo.18840967),
popoluca de la Sierra,poi,high1276,exact,glottolog-cldf v5.3 (doi:10.5281/zenodo.18840967),
qato'k,mhc,moch1257,exact,glottolog-cldf v5.3 (doi:10.5281/zenodo.18840967),
Q'anjob'al,kjb,qanj1241,exact,glottolog-cldf v5.3 (doi:10.5281/zenodo.18840967),
Q'eqchí',kek,kekc1242,exact,glottolog-cldf v5.3 (doi:10.5281/zenodo.18840967),
sayulteco,pos,sayu1241,exact,glottolog-cldf v5.3 (doi:10.5281/zenodo.18840967),
seri,sei,seri1257,exact,glottolog-cldf v5.3 (doi:10.5281/zenodo.18840967),
tarahumara,tac;tar;tcu;thh;twr,tara1321,many-to-one,glottolog-cldf v5.3 (doi:10.5281/zenodo.18840967),
tarasco,pua;tsz,tara1323,many-to-one,glottolog-cldf v5.3 (doi:10.5281/zenodo.18840967),
Teko,ttc,tekt1235,exact,glottolog-cldf v5.3 (doi:10.5281/zenodo.18840967),
tepehua,tee;tpp;tpt,tepe1243,many-to-one,glottolog-cldf v5.3 (doi:10.5281/zenodo.18840967),
tepehuano del norte,ntp,nort2959,exact,glottolog-cldf v5.3 (doi:10.5281/zenodo.18840967),
tepehuano del sur,stp;tla,sout2975,many-to-one,glottolog-cldf v5.3 (doi:10.5281/zenodo.18840967),
texistepequeño,poq,texi1237,exact,glottolog-cldf v5.3 (doi:10.5281/zenodo.18840967),
tlahuica,ocu,atzi1235,exact,glottolog-cldf v5.3 (doi:10.5281/zenodo.18840967),
tlapaneco,tcf;tpc;tpl;tpx,meph1234,many-to-one,glottolog-cldf v5.3 (doi:10.5281/zenodo.18840967),
tojolabal,toj,tojo1241,exact,glottolog-cldf v5.3 (doi:10.5281/zenodo.18840967),
totonaco,tcw;tku;tlc;tlp;toc;too;top;tos;tqt,toto1252,many-to-one,glottolog-cldf v5.3 (doi:10.5281/zenodo.18840967),
triqui,trc;trq;trs,triq1251,many-to-one,glottolog-cldf v5.3 (doi:10.5281/zenodo.18840967),
tseltal,tzh,tzel1254,exact,glottolog-cldf v5.3 (doi:10.5281/zenodo.18840967),
tsotsil,tzo,tzot1259,exact,glottolog-cldf v5.3 (doi:10.5281/zenodo.18840967),
yaqui,yaq,yaqu1251,exact,glottolog-cldf v5.3 (doi:10.5281/zenodo.18840967),
zapoteco,zap,zapo1437,macrolanguage,glottolog-cldf v5.3 (doi:10.5281/zenodo.18840967),
zoque,zoc;zoh;zor;zos,,unresolved,glottolog-cldf v5.3 (doi:10.5281/zenodo.18840967),
