inali_name,iso639_3,glottocode,glottolog_name,group_glottocode,scope,scope_note
Akateko,knj,west2635,Akateko,west2635,in-scope,
amuzgo,amu,guer1243,Guerrero Amuzgo,amuz1254,in-scope,
amuzgo,azm,ipal1235,Ipalapa Amuzgo,amuz1254,in-scope,
amuzgo,azg,sanp1260,San Pedro Amuzgos Amuzgo,amuz1254,in-scope,
Awakateko,agu,agua1252,Aguacateco,agua1252,in-scope,
ayapaneco,zoq,taba1264,Tabasco Zoque,taba1264,in-scope,
cora,crn,elna1235,El Nayar Cora,cora1260,in-scope,
cora,cok,sant1424,Santa Teresa Cora,cora1260,in-scope,
cucapá,coc,coco1261,Cocopa,coco1261,in-scope,
cuicateco,cux,tepe1280,Tepeuxila Cuicatec,cuic1234,in-scope,
cuicateco,cut,teut1235,Teutila Cuicatec,cuic1234,in-scope,
chatino,cly,east2558,Eastern Highland Chatino,core1263,in-scope,
chatino,cya,nopa1235,Nopala Chatino,core1263,in-scope,
chatino,cta,tata1258,Tataltepec Chatino,core1263,in-scope,
chatino,ctp,west2644,Western Highland Chatino,core1263,in-scope,
chatino,ctz,zaca1242,Zacatepec Chatino,core1263,in-scope,
chatino,czn,zenz1235,Zenzontepec Chatino,core1263,in-scope,
chichimeco jonaz,pei,chic1272,Chichimeca-Jonaz,chic1272,in-scope,
chinanteco,csa,chil1282,Chiltepec Chinantec,chin1484,in-scope,
chinanteco,cco,coma1246,Comaltepec Chinantec,chin1484,in-scope,
chinanteco,cnl,lala1270,Lalana Chinantec,chin1484,in-scope,
chinanteco,cle,leal1235,Lealao Chinantec,chin1484,in-scope,
chinanteco,chj,ojit1237,Ojitlán Chinantec,chin1484,in-scope,
chinanteco,chz,ozum1235,Ozumacín Chinantec,chin1484,in-scope,
chinanteco,cpa,pala1351,Palantla Chinantec,chin1484,in-scope,
chinanteco,chq,quio1240,Quiotepec Chinantec,chin1484,in-scope,
chinanteco,cso,soch1239,Sochiapam Chinantec,chin1484,in-scope,
chinanteco,cnt,tepe1279,Tepetotutla Chinantec,chin1484,in-scope,
chinanteco,cte,tepi1241,Tepinapa Chinantec,chin1484,in-scope,
chinanteco,ctl,tlac1239,Tlacoatzintepec Chinantec,chin1484,in-scope,
chinanteco,cuc,usil1237,Usila Chinantec,chin1484,in-scope,
chinanteco,cvn,vall1253,Valle Nacional Chinantec,chin1484,in-scope,
chocholteco,coz,choc1279,Chochotec,choc1279,in-scope,
chontal de Oaxaca,chd,high1242,Highland Oaxaca Chontal,tequ1244,in-scope,
chontal de Oaxaca,clo,lowl1260,Lowland Oaxaca Chontal,tequ1244,in-scope,
chontal de Tabasco,chf,taba1266,Tabasco Chontal,taba1266,in-scope,
Chuj,cac,chuj1250,Chuj,chuj1250,in-scope,
ch'ol,ctu,chol1282,Chol,chol1282,in-scope,
guarijío,var,huar1255,Huarijio,huar1255,in-scope,
huasteco,hus,huas1242,Huastec,huas1242,in-scope,
huave,hve,sand1278,San Dionisio del Mar Huave,huav1256,in-scope,
huave,hue,sanf1258,San Francisco del Mar Huave,huav1256,in-scope,
huave,huv,sanm1287,San Mateo del Mar Huave,huav1256,in-scope,
huave,hvv,sant1422,Santa María del Mar Huave,huav1256,in-scope,
huichol,hch,huic1243,Huichol,huic1243,in-scope,
ixcateco,ixc,ixca1245,Ixcatec,ixca1245,in-scope,
Ixil,ixl,ixil1251,Ixil,ixil1251,in-scope,
Jakalteko,jac,popt1235,Popti',popt1235,in-scope,
Kaqchikel,cak,kaqc1270,Kaqchikel,kaqc1270,in-scope,
Kickapoo,kic,kick1244,Kickapoo,kick1244,in-scope,
kiliwa,klb,kili1268,Kiliwa,kili1268,in-scope,
kumiai,dih,kumi1248,Tipai-Kumeyaay-Huerteno,kumi1248,in-scope,
K'iche',quc,kich1262,K'iche',kich1262,in-scope,
lacandón,lac,laca1243,Lacandon,laca1243,in-scope,
Mam,mam,mamm1241,Mam,mamm1241,in-scope,
matlatzinca,mat,sanf1262,San Francisco Matlatzinca,sanf1262,in-scope,
maya,yua,yuca1254,Yucatec Maya,yuca1254,in-scope,
mayo,mfy,mayo1264,Mayo,mayo1264,in-scope,
mazahua,maz,cent2144,Central Mazahua,maza1293,in-scope,
mazahua,mmc,mich1246,Michoacán Mazahua,maza1293,in-scope,
mazateco,vmy,ayau1235,Ayautla Mazatec,maza1295,in-scope,
mazateco,maq,chiq1250,Chiquihuitlán Mazatec,maza1295,in-scope,
mazateco,mau,huau1238,Huautla Mazatec,maza1295,in-scope,
mazateco,mzi,ixca1246,Ixcatlán Mazatec,maza1295,in-scope,
mazateco,maj,jala1237,Jalapa De Díaz Mazatec,maza1295,in-scope,
mazateco,vmz,maza1296,Mazatlán Mazatec,maza1295,in-scope,
mazateco,pbm,pueb1234,Puebla and Northeastern Mazatec,maza1295,in-scope,
mazateco,maa,sanj1286,San Jerónimo Tecóatl Mazatec,maza1295,in-scope,
mazateco,vmp,soya1237,Soyaltepec Mazatec,maza1295,in-scope,
mixe,mco,coat1238,Coatlán Mixe,oaxa1241,in-scope,
mixe,mir,isth1238,Isthmus Mixe,oaxa1241,in-scope,
mixe,mxq,juqu1238,Juquila Mixe,oaxa1241,in-scope,
mixe,mzl,maza1292,Mazatlán Mixe,oaxa1241,in-scope,
mixe,neq,nort2939,North Central Mixe,oaxa1241,in-scope,
mixe,mxp,tlah1239,Tlahuitoltepec Mixe,oaxa1241,in-scope,
mixe,mto,toto1305,Totontepec Mixe,oaxa1241,in-scope,
mixteco,mim,alac1244,Alacatlatzala Mixtec,mixt1427,in-scope,
mixteco,xta,alco1235,Alcozauca Mixtec,mixt1427,in-scope,
mixteco,mbz,amol1236,Amoltepec Mixtec,mixt1427,in-scope,
mixteco,mip,apas1235,Apasco-Apoala Mixtec,mixt1427,in-scope,
mixteco,mib,atat1238,Atatláhuca Mixtec,mixt1427,in-scope,
mixteco,miy,ayut1236,Ayutla Mixtec,mixt1427,in-scope,
mixteco,miu,caca1250,Cacaloxtepec Mixtec,mixt1427,in-scope,
mixteco,mih,chay1249,Chayuco Mixtec,mixt1427,in-scope,
mixteco,xtb,chaz1235,Chazumba Mixtec,mixt1427,in-scope,
mixteco,mii,chig1239,Chigmecatitlán Mixtec,mixt1427,in-scope,
mixteco,miz,coat1241,Coatzospan Mixtec,mixt1427,in-scope,
mixteco,xtu,cuya1240,Cuyamecalco Mixtec,mixt1427,in-scope,
mixteco,xtd,diux1235,Diuxi-Tilantongo Mixtec,mixt1427,in-scope,
mixteco,mxs,huit1252,Huitepec Mixtec,mixt1427,in-scope,
mixteco,mce,itun1239,Itundujia Mixtec,mixt1427,in-scope,
mixteco,vmj,ixta1235,Ixtayutla Mixtec,mixt1427,in-scope,
mixteco,mxt,jami1235,Jamiltepec Mixtec,mixt1427,in-scope,
mixteco,vmc,juxt1235,Juxtlahuaca Mixtec,mixt1427,in-scope,
mixteco,xtm,magd1235,Magdalena Peñasco Mixtec,mixt1427,in-scope,
mixteco,mxv,metl1238,Metlatónoc Mixtec,mixt1427,in-scope,
mixteco,vmm,mitl1235,Mitlatongo Mixtec,mixt1427,in-scope,
mixteco,mix,mixt1425,Mixtepec Mixtec,mixt1427,in-scope,
mixteco,xtn,nort2985,Northern Tlaxiaco Mixtec,mixt1427,in-scope,
mixteco,mxa,nort2986,Northwest Oaxaca Mixtec,mixt1427,in-scope,
mixteco,mie,ocot1243,Ocotepec Mixtec,mixt1427,in-scope,
mixteco,mil,peno1244,Peñoles Mixtec,mixt1427,in-scope,
mixteco,mio,pino1237,Pinotepa Nacional Mixtec,mixt1427,in-scope,
mixteco,mjc,sanj1281,San Juan Colorado Mixtec,mixt1427,in-scope,
mixteco,mig,sanm1295,San Miguel El Grande Mixtec,mixt1427,in-scope,
mixteco,xtp,sanm1294,San Miguel Piedras Mixtec,mixt1427,in-scope,
mixteco,mdv,sant1439,Santa Lucía Monteverde Mixtec,mixt1427,in-scope,
mixteco,mza,sant1436,Santa María Zacatepec Mixtec,mixt1427,in-scope,
mixteco,mks,sila1250,Silacayoapan Mixtec,mixt1427,in-scope,
mixteco,xts,sind1277,Sindihui Mixtec,mixt1427,in-scope,
mixteco,xti,sini1243,Sinicahua Mixtec,mixt1427,in-scope,
mixteco,mxy,sout3002,Southeastern Nochixtlán Mixtec,mixt1427,in-scope,
mixteco,mit,sout3001,Southern Puebla Mixtec,mixt1427,in-scope,
mixteco,meh,sout3000,Southwestern Tlaxiaco Mixtec,mixt1427,in-scope,
mixteco,vmq,soya1236,Soyaltepec Mixtec,mixt1427,in-scope,
mixteco,xtt,taca1257,Tacahua-Yolotepec Mixtec,mixt1427,in-scope,
mixteco,vmx,tama1339,Tamazola Mixtec,mixt1427,in-scope,
mixteco,xtj,sanj1282,Teita-Tataltepec Mixtec,mixt1427,in-scope,
mixteco,mxb,tezo1238,Tezoatlán Mixtec,mixt1427,in-scope,
mixteco,mtx,tida1235,Tidaá Mixtec,mixt1427,in-scope,
mixteco,xtl,tija1235,Tijaltepec Mixtec,mixt1427,in-scope,
mixteco,mqh,tlaz1235,Tlazoyaltepec Mixtec,mixt1427,in-scope,
mixteco,mtu,tutu1243,Tututepec Mixtec,mixt1427,in-scope,
mixteco,jmx,west2643,Western Juxtlahuaca Mixtec,mixt1427,in-scope,
mixteco,xty,yolo1241,Yoloxochitl Mixtec,mixt1427,in-scope,
mixteco,mpm,yoso1239,Yosondúa Mixtec,mixt1427,in-scope,
mixteco,mvg,yucu1250,Yucuañe Mixtec,mixt1427,in-scope,
mixteco,mab,yuta1240,Yutanduchi Mixtec,mixt1427,in-scope,
náhuatl,ngu,guer1241,Central Guerrero Nahuatl,azte1234,in-scope,
náhuatl,nch,cent2134,Central Huasteca Nahuatl,azte1234,in-scope,
náhuatl,ncx,cent2133,Central Puebla Nahuatl,azte1234,in-scope,
náhuatl,naz,coat1240,Coatepec Nahuatl,azte1234,in-scope,
náhuatl,azd,east2695,Eastern Durango Nahuatl,azte1234,in-scope,
náhuatl,nhe,east2538,Eastern Huasteca Nahuatl,azte1234,in-scope,
náhuatl,azz,high1278,Highland Puebla Nahuatl,azte1234,in-scope,
náhuatl,nhq,huax1236,Huaxcaleca Nahuatl,azte1234,in-scope,
náhuatl,nhk,isth1240,Isthmus-Cosoleacaque Nahuatl,azte1234,in-scope,
náhuatl,nhx,isth1242,Isthmus-Mecayapan Nahuatl,azte1234,in-scope,
náhuatl,nhp,isth1241,Isthmus-Pajapan Nahuatl,azte1234,in-scope,
náhuatl,ncl,mich1245,Michoacán Nahuatl,azte1234,in-scope,
náhuatl,nhm,more1259,Morelos Nahuatl,azte1234,in-scope,
náhuatl,nhy,nort2958,Northern Oaxaca Nahuatl,azte1234,in-scope,
náhuatl,ncj,nort2957,Northern Puebla Nahuatl,azte1234,in-scope,
náhuatl,nht,omet1237,Ometepec Nahuatl,azte1234,in-scope,
náhuatl,nlv,oriz1235,Orizaba Nahuatl,azte1234,in-scope,
náhuatl,nhz,sant1423,Santa María La Alta Nahuatl,azte1234,in-scope,
náhuatl,nsu,sier1248,Sierra Negra Nahuatl,azte1234,in-scope,
náhuatl,npl,sout2973,Southeastern Puebla Nahuatl,azte1234,in-scope,
náhuatl,nhc,taba1265,Tabasco Nahuatl,azte1234,in-scope,
náhuatl,nhv,tema1239,Temascaltepec Nahuatl,azte1234,in-scope,
náhuatl,nhg,tete1251,Tetelcingo Nahuatl,azte1234,in-scope,
náhuatl,nuz,tlam1239,Tlamacazapa Nahuatl,azte1234,in-scope,
náhuatl,nhn,cent2132,Tlaxcala-Puebla-Central Nahuatl,azte1234,in-scope,
náhuatl,azn,west2778,Western Durango Nahuatl,azte1234,in-scope,
náhuatl,nhw,west2624,Western Huasteca Nahuatl,azte1234,in-scope,
náhuatl,nhi,zaca1241,Zacatlán-Ahuacatlán-Tepetzintla Nahuatl,azte1234,in-scope,
oluteco,plo,olut1240,Oluta Popoluca,olut1240,in-scope,
otomí,otm,east2556,Eastern Highland Otomi,,in-scope,
otomí,ots,esta1236,Estado de México Otomi,,in-scope,
otomí,otz,ixte1237,Ixtenco Otomi,,in-scope,
otomí,ote,mezq1235,Mezquital Otomi,,in-scope,
otomí,otq,quer1236,Querétaro Otomi,,in-scope,
otomí,ott,temo1245,Temoaya Otomi,,in-scope,
otomí,otn,tena1241,Tenango Otomi,,in-scope,
otomí,otx,texc1235,Texcatepec Otomi,,in-scope,
otomí,otl,tila1239,Tilapa Otomi,,in-scope,
paipai,ppi,paip1241,Paipai,paip1241,in-scope,
pame,pbs,cent2145,Central Pame,pame1260,in-scope,
pame,pmq,nort2984,Northern Pame,pame1260,in-scope,
pame,pmz,sout2999,Southern Pame,pame1260,out-of-scope,extinct; INALI's Pame covers the northern and central varieties only
pápago,ood,toho1245,Tohono O'odham,toho1245,in-scope,
pima,pia,pima1248,Pima Bajo,pima1248,in-scope,
popoloca,pbf,coyo1236,Coyotepec Popoloca,popo1294,in-scope,
popoloca,pbe,mezo1235,Mezontla Popoloca,popo1294,in-scope,
popoloca,pow,sanf1264,San Felipe Otlaltepec Popoloca,popo1294,in-scope,
popoloca,poe,sanj1285,San Juan Atzingo Popoloca,popo1294,in-scope,
popoloca,pps,sanl1248,San Luís Temalacayuca Popoloca,popo1294,in-scope,
popoloca,pls,sanm1301,San Marcos Tlalcoyalco Popoloca,popo1294,in-scope,
popoloca,pca,sant1454,Santa Inés Ahuatempan Popoloca,popo1294,in-scope,
popoluca de la Sierra,poi,high1276,Highland Popoluca,high1276,in-scope,
qato'k,mhc,moch1257,Mocho,moch1257,in-scope,
Q'anjob'al,kjb,qanj1241,Q'anjob'al,qanj1241,in-scope,
Q'eqchí',kek,kekc1242,Q'eqchi',kekc1242,in-scope,
sayulteco,pos,sayu1241,Sayula Popoluca,sayu1241,in-scope,
seri,sei,seri1257,Seri,seri1257,in-scope,
tarahumara,tar,cent2131,Central Tarahumara,tara1321,in-scope,
tarahumara,thh,nort2956,Northern Tarahumara,tara1321,in-scope,
tarahumara,tcu,sout2972,Southeastern Tarahumara,tara1321,in-scope,
tarahumara,twr,sout2971,Southwestern Tarahumara,tara1321,in-scope,
tarahumara,tac,lowl1265,Western Tarahumara,tara1321,in-scope,
tarasco,tsz,pure1242,Purepecha,tara1323,in-scope,
tarasco,pua,west2631,Western Highland Purepecha,tara1323,in-scope,
Teko,ttc,tekt1235,Tektiteko,tekt1235,in-scope,
tepehua,tee,hueh1236,Huehuetla Tepehua,tepe1243,in-scope,
tepehua,tpp,pisa1237,Pisaflores Tepehua,tepe1243,in-scope,
tepehua,tpt,tlac1235,Tlachichilco Tepehua,tepe1243,in-scope,
tepehuano del norte,ntp,nort2959,Northern Tepehuan,nort2959,in-scope,
tepehuano del sur,stp,sout2976,Southeastern Tepehuan,sout2975,in-scope,
tepehuano del sur,tla,sout2977,Southwestern Tepehuan,sout2975,in-scope,
texistepequeño,poq,texi1237,Texistepec Popoluca,texi1237,in-scope,
tlahuica,ocu,atzi1235,Atzingo Matlatzinca,atzi1235,in-scope,
tlapaneco,tpx,acat1239,Acatepec Me'phaa,meph1234,in-scope,
tlapaneco,tpc,azoy1236,Azoyú Me'phaa,meph1234,in-scope,
tlapaneco,tcf,mali1285,Malinaltepec Me'phaa,meph1234,in-scope,
tlapaneco,tpl,tlac1237,Tlacoapa Me'phaa,meph1234,in-scope,
tojolabal,toj,tojo1241,Tojolabal,tojo1241,in-scope,
totonaco,toc,coyu1235,Coyutla Totonac,toto1252,in-scope,
totonaco,tlp,filo1235,Filomeno Mata Totonac,toto1252,in-scope,
totonaco,tos,high1243,Highland Totonac,toto1252,in-scope,
totonaco,tqt,west1511,Ozumatlán Totonac,toto1252,in-scope,
totonaco,top,papa1238,Papantla Totonac,toto1252,in-scope,
totonaco,tcw,tecp1235,Tecpatlán Totonac,toto1252,in-scope,
totonaco,tku,uppe1275,Upper Necaxa Totonac,toto1252,in-scope,
totonaco,too,xico1235,Xicotepec De Juárez Totonac,toto1252,in-scope,
totonaco,tlc,yecu1235,Yecuatla Totonac,toto1252,in-scope,
triqui,trs,chic1273,Chicahuaxtla Triqui,triq1251,in-scope,
triqui,trc,copa1237,Copala Triqui,triq1251,in-scope,
triqui,trq,sanm1298,San Martín Itunyoso Triqui,triq1251,in-scope,
tseltal,tzh,tzel1254,Tzeltal,tzel1254,in-scope,
tsotsil,tzo,tzot1259,Tzotzil,tzot1259,in-scope,
yaqui,yaq,yaqu1251,Yaqui,yaqu1251,in-scope,
zapoteco,zaq,aloa1235,Aloápam Zapotec,zapo1437,in-scope,
zapoteco,zpo,amat1238,Amatlán Zapotec,zapo1437,in-scope,
zapoteco,zoo,asun1236,Asunción Mixtepec Zapotec,zapo1437,in-scope,
zapoteco,zaf,ayoq1235,Ayoquesco Zapotec,zapo1437,in-scope,
zapoteco,zad,cajo1238,Cajonos Zapotec,zapo1437,in-scope,
zapoteco,zpv,chic1274,Chichicapan Zapotec,zapo1437,in-scope,
zapoteco,zpc,choa1237,Choapan Zapotec,zapo1437,in-scope,
zapoteco,zca,coat1244,Coatecas Altas Zapotec,zapo1437,in-scope,
zapoteco,zps,coat1243,Coatlán Zapotec,zapo1437,in-scope,
zapoteco,zam,miah1235,Cuixtla-Xitla Zapotec,zapo1437,in-scope,
zapoteco,zpp,elal1235,El Alto Zapotec,zapo1437,in-scope,
zapoteco,zte,elot1235,Elotepec Zapotec,zapo1437,in-scope,
zapoteco,zpg,guev1238,Guevea De Humboldt Zapotec,zapo1437,in-scope,
zapoteco,ztu,guil1236,Güilá Zapotec,zapo1437,in-scope,
zapoteco,zai,isth1244,Isthmus Zapotec,zapo1437,in-scope,
zapoteco,zpa,lach1250,Lachiguiri Zapotec,zapo1437,in-scope,
zapoteco,zpl,lach1249,Lachixío Zapotec,zapo1437,in-scope,
zapoteco,ztl,lapa1249,Lapaguía-Guivini Zapotec,zapo1437,in-scope,
zapoteco,ztp,loxi1235,Loxicha Zapotec,zapo1437,in-scope,
zapoteco,zpy,maza1294,Mazaltepec Zapotec,zapo1437,in-scope,
zapoteco,zaw,mitl1236,Mitla Zapotec,zapo1437,in-scope,
zapoteco,zpm,mixt1426,Mixtepec Zapotec,zapo1437,in-scope,
zapoteco,zac,ocot1244,Ocotlán Zapotec,zapo1437,in-scope,
zapoteco,zao,ozol1235,Ozolotepec Zapotec,zapo1437,in-scope,
zapoteco,zpe,peta1247,Petapa Zapotec,zapo1437,in-scope,
zapoteco,zpj,quia1235,Quiavicuzas Zapotec,zapo1437,in-scope,
zapoteco,ztq,quio1241,Quioquitani-Quieri Zapotec,zapo1437,in-scope,
zapoteco,zar,rinc1236,Rincón Zapotec,zapo1437,in-scope,
zapoteco,ztm,sana1286,San Agustín Mixtepec Zapotec,zapo1437,in-scope,
zapoteco,zpx,sanb1241,San Baltazar Loxicha Zapotec,zapo1437,in-scope,
zapoteco,zpf,sanp1261,San Pedro Quiatoni Zapotec,zapo1437,in-scope,
zapoteco,zpt,sanv1242,San Vicente Coatlán Zapotec,zapo1437,in-scope,
zapoteco,ztn,sant1448,Santa Catarina Albarradas Zapotec,zapo1437,in-scope,
zapoteco,zpn,sant1447,Santa Inés Yatzechi Zapotec,zapo1437,in-scope,
zapoteco,zpi,sant1451,Santa María Quiegolani Zapotec,zapo1437,in-scope,
zapoteco,zpr,sant1452,Santiago Xanica Zapotec,zapo1437,in-scope,
zapoteco,zas,sant1450,Santo Domingo Albarradas Zapotec,zapo1437,in-scope,
zapoteco,zaa,sier1250,Sierra de Juárez Zapotec,zapo1437,in-scope,
zapoteco,zpd,sout3005,Southeastern Ixtlán Zapotec,zapo1437,in-scope,
zapoteco,zat,taba1268,Tabaa Zapotec,zapo1437,in-scope,
zapoteco,ztt,teja1235,Tejalapan Zapotec,zapo1437,in-scope,
zapoteco,zpz,texm1235,Texmelucan Zapotec,zapo1437,in-scope,
zapoteco,zts,tilq1235,Tilquiapan Zapotec,zapo1437,in-scope,
zapoteco,zpk,tlac1240,Tlacolulita Zapotec,zapo1437,in-scope,
zapoteco,zph,toto1308,Totomachapan Zapotec,zapo1437,in-scope,
zapoteco,zab,sanj1284,Western Tlacolula Valley Zapotec,zapo1437,in-scope,
zapoteco,zax,xada1235,Xadani Zapotec,zapo1437,in-scope,
zapoteco,ztg,xana1235,Xanaguía Zapotec,zapo1437,in-scope,
zapoteco,zpu,yala1267,Yalálag Zapotec,zapo1437,in-scope,
zapoteco,zae,yare1249,Yareni Zapotec,zapo1437,in-scope,
zapoteco,zty,yate1242,Yatee Zapotec,zapo1437,in-scope,
zapoteco,zav,yatz1235,Yatzachi Zapotec,zapo1437,in-scope,
zapoteco,zpb,yaut1235,Yautepec Zapotec,zapo1437,in-scope,
zapoteco,ztx,zaac1239,Zaachila Zapotec,zapo1437,in-scope,
zapoteco,zpw,zani1235,Zaniza Zapotec,zapo1437,in-scope,
zapoteco,zpq,zoog1238,Zoogocho Zapotec,zapo1437,in-scope,
zoque,zoc,copa1236,Central-South Chiapas Zoque,,in-scope,
zoque,zoh,chim1300,Chimalapa Zoque,,in-scope,
zoque,zor,rayo1235,Northeast Chiapas Zoque,,in-scope,
zoque,zos,fran1266,Northern Chiapas Zoque,,in-scope,
