inali_name,inali_family,selector_type,selector,collective_code
Akateko,Maya,iso,knj,
amuzgo,Oto-mangue,name,Amuzgo$,
Awakateko,Maya,iso,agu,
ayapaneco,Mixe-zoque,iso,zoq,
cora,Yuto-nahua,name,Cora$,
cucapá,Cochimí-yumana,iso,coc,
cuicateco,Oto-mangue,name,Cuicatec$,
chatino,Oto-mangue,name,Chatino$,
chichimeco jonaz,Oto-mangue,iso,pei,
chinanteco,Oto-mangue,name,Chinantec$,
chocholteco,Oto-mangue,iso,coz,
chontal de Oaxaca,Chontal de Oaxaca,name,Oaxaca Chontal$,
chontal de Tabasco,Maya,iso,chf,
Chuj,Maya,iso,cac,
ch'ol,Maya,iso,ctu,
guarijío,Yuto-nahua,iso,var,
huasteco,Maya,iso,hus,
huave,Huave,name,Huave$,
huichol,Yuto-nahua,iso,hch,
ixcateco,Oto-mangue,iso,ixc,
Ixil,Maya,iso,ixl,
Jakalteko,Maya,iso,jac,
Kaqchikel,Maya,iso,cak,
Kickapoo,Álgica,iso,kic,
kiliwa,Cochimí-yumana,iso,klb,
kumiai,Cochimí-yumana,iso,dih,
ku'ahl,Cochimí-yumana,iso,,
K'iche',Maya,iso,quc,
lacandón,Maya,iso,lac,
Mam,Maya,iso,mam,
matlatzinca,Oto-mangue,iso,mat,
maya,Maya,iso,yua,
mayo,Yuto-nahua,iso,mfy,
mazahua,Oto-mangue,name,Mazahua$,
mazateco,Oto-mangue,name,Mazatec$,
mixe,Mixe-zoque,name,Mixe$,
mixteco,Oto-mangue,name,Mixtec$,
náhuatl,Yuto-nahua,name,Nahuatl$,nah
oluteco,Mixe-zoque,iso,plo,
otomí,Oto-mangue,name,Otomi$,
paipai,Cochimí-yumana,iso,ppi,
pame,Oto-mangue,name,Pame$,
pápago,Yuto-nahua,iso,ood,
pima,Yuto-nahua,iso,pia,
popoloca,Oto-mangue,name,Popoloca$,
popoluca de la Sierra,Mixe-zoque,iso,poi,
qato'k,Maya,iso,mhc,
Q'anjob'al,Maya,iso,kjb,
Q'eqchí',Maya,iso,kek,
sayulteco,Mixe-zoque,iso,pos,
seri,Seri,iso,sei,
tarahumara,Yuto-nahua,name,Tarahumara$,
tarasco,Tarasca,name,Purepecha$,
Teko,Maya,iso,ttc,
tepehua,Totonaco-tepehua,name,Tepehua$,
tepehuano del norte,Yuto-nahua,iso,ntp,
tepehuano del sur,Yuto-nahua,iso,stp;tla,
texistepequeño,Mixe-zoque,iso,poq,
tlahuica,Oto-mangue,iso,ocu,
tlapaneco,Oto-mangue,name,Me'phaa$,
tojolabal,Maya,iso,toj,
totonaco,Totonaco-tepehua,name,Totonac$,
triqui,Oto-mangue,name,Triqui$,
tseltal,Maya,iso,tzh,
tsotsil,Maya,iso,tzo,
yaqui,Yuto-nahua,iso,yaq,
zapoteco,Oto-mangue,macro,zap,
zoque,Mixe-zoque,iso,zoc;zoh;zor;zos,
