variant,autonym,spanish_name,group,family
akateko,Kuti’,Akateko,Akateko,Maya
amuzgo-alto-del-este,jnòn’ ndá Tsjóon Nuàn,amuzgo alto del este,amuzgo,Oto-mangue
amuzgo-alto-del-este,jñon’ndaa,amuzgo alto del este,amuzgo,Oto-mangue
amuzgo-alto-del-este,ñonndaa,amuzgo alto del este,amuzgo,Oto-mangue
amuzgo-bajo-del-este,jñunnda,amuzgo bajo del este,amuzgo,Oto-mangue
amuzgo-bajo-del-este,ts’unuma,amuzgo bajo del este,amuzgo,Oto-mangue
amuzgo-del-norte,nomndaa,amuzgo del norte,amuzgo,Oto-mangue
amuzgo-del-norte,nta,amuzgo del norte,amuzgo,Oto-mangue
amuzgo-del-norte,ñondá,amuzgo del norte,amuzgo,Oto-mangue
amuzgo-del-sur,nundá’,amuzgo del sur,amuzgo,Oto-mangue
awakateko,Qyool (de Aguacatán),Awakateko,Awakateko,Maya
ayapaneco,numte oote,ayapaneco,ayapaneco,Mixe-zoque
cora-corapeno,kuraapa,cora corapeño,cora,Yuto-nahua
cora-de-dolores,wachí hapwa,cora de Dolores,cora,Yuto-nahua
cora-de-jesus-maria,chwisita’na,cora de Jesús María,cora,Yuto-nahua
cora-de-rosarito,rosaríìtu,cora de Rosarito,cora,Yuto-nahua
cora-francisqueno,kwáaxa’ata,cora francisqueño,cora,Yuto-nahua
cora-meseno,yaúhke’ena,cora meseño,cora,Yuto-nahua
cora-presideno,muxata’ana,cora presideño,cora,Yuto-nahua
cora-tereseno,kweimarusa’na,cora tereseño,cora,Yuto-nahua
cucapa,kuapá,cucapá,cucapá,Cochimí-yumana
cuicateco-del-centro,dbaku (del centro),cuicateco del centro,cuicateco,Oto-mangue
cuicateco-del-centro,dibaku,cuicateco del centro,cuicateco,Oto-mangue
cuicateco-del-norte,duaku,cuicateco del norte,cuicateco,Oto-mangue
cuicateco-del-norte,dubaku (del norte),cuicateco del norte,cuicateco,Oto-mangue
cuicateco-del-oriente,dbaku (del oriente),cuicateco del oriente,cuicateco,Oto-mangue
cuicateco-del-oriente,dubaku (del oriente),cuicateco del oriente,cuicateco,Oto-mangue
chatino-central,cha’ jna’a (central),chatino central,chatino,Oto-mangue
chatino-de-zacatepec,cha’ jna’a (de Zacatepec),chatino de Zacatepec,chatino,Oto-mangue
chatino-occidental-alto,cha’ jna’a (occidental alto),chatino occidental alto,chatino,Oto-mangue
chatino-occidental-bajo,cha’ jna’a (occidental bajo),chatino occidental bajo,chatino,Oto-mangue
chatino-oriental-alto,cha’ jna’a (oriental alto),chatino oriental alto,chatino,Oto-mangue
chatino-oriental-bajo,cha’ jna’a (oriental bajo),chatino oriental bajo,chatino,Oto-mangue
chichimeco-jonaz,uzá’,chichimeco jonaz,chichimeco jonaz,Oto-mangue
chinanteco-central,jajme dzä mii,chinanteco central,chinanteco,Oto-mangue
chinanteco-central,jmiih kia’ dzä mii,chinanteco central,chinanteco,Oto-mangue
chinanteco-central-bajo,j+g dsa k+,chinanteco central bajo,chinanteco,Oto-mangue
chinanteco-central-bajo,j+g ki tsomän,chinanteco central bajo,chinanteco,Oto-mangue
chinanteco-central-bajo,jumi dsa iin+n,chinanteco central bajo,chinanteco,Oto-mangue
chinanteco-de-la-sierra,jmiih dzä mo’,chinanteco de la Sierra,chinanteco,Oto-mangue
chinanteco-del-noroeste,jau jmai,chinanteco del noroeste,chinanteco,Oto-mangue
chinanteco-del-norte,jmiih kia’ dzä ‘vï ï,chinanteco del norte,chinanteco,Oto-mangue
chinanteco-del-norte,jujmi (del norte),chinanteco del norte,chinanteco,Oto-mangue
chinanteco-del-norte,jujmi tsa kö ‘w++,chinanteco del norte,chinanteco,Oto-mangue
chinanteco-del-oeste,jujma,chinanteco del oeste,chinanteco,Oto-mangue
chinanteco-del-oeste-central-alto,jaú jm,chinanteco del oeste central alto,chinanteco,Oto-mangue
chinanteco-del-oeste-central-alto,jmiih kia’ dzä jii’,chinanteco del oeste central alto,chinanteco,Oto-mangue
chinanteco-del-oeste-central-bajo,jajmi dzä kï ï ’,chianateco del oeste central bajo,chinanteco,Oto-mangue
chinanteco-del-oeste-central-bajo,jejmei,chianateco del oeste central bajo,chinanteco,Oto-mangue
chinanteco-del-oeste-central-bajo,jejmi,chianateco del oeste central bajo,chinanteco,Oto-mangue
chinanteco-del-sureste-alto,jumi dsa mojai,chinanteco del sureste alto,chinanteco,Oto-mangue
chinanteco-del-sureste-bajo,jujmi dsa m+ta’o,chinanteco del sureste bajo,chinanteco,Oto-mangue
chinanteco-del-sureste-bajo,jujmi dsa maji’i,chinanteco del sureste bajo,chinanteco,Oto-mangue
chinanteco-del-sureste-medio,jujmi (del sureste medio),chinanteco del sureste medio,chinanteco,Oto-mangue
chocholteco-del-este,ngiba (del este),chocholteco del este,chocholteco,Oto-mangue
chocholteco-del-oeste,ngiba (del oeste),chocholteco del oeste,chocholteco,Oto-mangue
chocholteco-del-sur,ngigua (del sur),chocholteco del sur,chocholteco,Oto-mangue
chontal-de-oaxaca-alto,tsame,chontal de Oaxaca alto,chontal de Oaxaca,Chontal de Oaxaca
chontal-de-oaxaca-bajo,tsome,chontal de Oaxaca bajo,chontal de Oaxaca,Chontal de Oaxaca
chontal-de-oaxaca-de-la-costa,lajltyaygi,chontal de Oaxaca de la costa,chontal de Oaxaca,Chontal de Oaxaca
chontal-de-tabasco-central,yoko t’an (central),chontal de Tabasco central,chontal de Tabasco,Maya
chontal-de-tabasco-del-este,yoko t’an (del este),chontal de Tabasco del este,chontal de Tabasco,Maya
chontal-de-tabasco-del-norte,yoko t’an (del norte),chontal de Tabasco del norte,chontal de Tabasco,Maya
chontal-de-tabasco-del-sureste,yoko t’an (del sureste),chontal de Tabasco del sureste,chontal de Tabasco,Maya
chuj,Koti’,Chuj,Chuj,Maya
ch-ol-del-noroeste,lakty’añ (del noroeste),ch’ol del noroeste,ch'ol,Maya
ch-ol-del-sureste,lakty’añ (del sureste),ch’ol del sureste,ch'ol,Maya
guarijio-del-norte,warihó,guarijío del norte,guarijío,Yuto-nahua
guarijio-del-sur,makurawe,guarijío del sur,guarijío,Yuto-nahua
huasteco-de-oriente,teenek (de oriente),huasteco de oriente,huasteco,Maya
huasteco-de-oriente,tenek (de oriente),huasteco de oriente,huasteco,Maya
huasteco-del-centro,teenek (del centro),huasteco del centro,huasteco,Maya
huasteco-del-centro,tenek (del centro),huasteco del centro,huasteco,Maya
huasteco-del-occidente,teenek (del occidente),huasteco del occidente,huasteco,Maya
huasteco-del-occidente,tenek (del occidente),huasteco del occidente,huasteco,Maya
huave-del-este,ombeyajts,huave del este,huave,Huave
huave-del-oeste,ombeayiüts,huave del oeste,huave,Huave
huichol-del-este,wixárika (del este),huichol del este,huichol,Yuto-nahua
huichol-del-norte,wixárika (del norte),huichol del norte,huichol,Yuto-nahua
huichol-del-oeste,wixárika (del oeste),huichol del oeste,huichol,Yuto-nahua
huichol-del-sur,wixárika (del sur),huichol del sur,huichol,Yuto-nahua
ixcateco,xwja,ixcateco,ixcateco,Oto-mangue
ixil-chajuleno,Ixil (chajuleño),Ixil chajuleño,Ixil,Maya
ixil-nebajeno,Ixil (nebajeño),Ixil nebajeño,Ixil,Maya
jakalteko,Jakalteko-Popti’,Jakalteko,Jakalteko,Maya
kaqchikel,Kaqchikel,Kaqchikel,Kaqchikel,Maya
kickapoo,Kickapoo,Kickapoo,Kickapoo,Álgica
kiliwa,ko’lew,kiliwa,kiliwa,Cochimí-yumana
kumiai,tipai,kumiai,kumiai,Cochimí-yumana
ku-ahl,ku’ahl,ku'ahl,ku'ahl,Cochimí-yumana
k-iche-central,K’iche’ (central),K’iche’ (central),K'iche',Maya
k-iche-occidental,K’iche’ (occidental),K’iche’ (occidental,K'iche',Maya
k-iche-oriental,K’iche’ (oriental),K’iche’ (oriental),K'iche',Maya
lacandon,jach-t’aan,lacandón,lacandón,Maya
mam-de-la-frontera,Qyool (de la frontera),Mam de la frontera,Mam,Maya
mam-de-la-sierra,Qyool (de la Sierra),Mam de la Sierra,Mam,Maya
mam-del-norte,Qyool (del norte),Mam del norte,Mam,Maya
mam-del-soconusco,B’anax Mam,Mam del Soconusco,Mam,Maya
mam-del-soconusco,Qyool Mam,Mam del Soconusco,Mam,Maya
mam-del-sur,Qyool (del sur),Mam del sur,Mam,Maya
matlatzinca,bot’una,matlatzinca,matlatzinca,Oto-mangue
maya,maaya,maya,maya,Maya
maya,maaya t’aan,maya,maya,Maya
maya,maayáa,maya,maya,Maya
mayo,yorem-nokki,mayo,mayo,Yuto-nahua
mazahua-de-occidente,jnatjo,mazahua de occidente,mazahua,Oto-mangue
mazahua-de-oriente,jnatrjo,mazahua de oriente,mazahua,Oto-mangue
mazateco-de-acatepec,en naxi llanazo,mazateco de Acatepec,mazateco,Oto-mangue
mazateco-de-eloxochitlan,en ngixo,mazateco de Eloxochitlán,mazateco,Oto-mangue
mazateco-de-huehuetlan,an ndexu,mazateco de Huehuetlán,mazateco,Oto-mangue
mazateco-de-la-presa-alto,enna (de la presa alto),mazateco de la presa alto,mazateco,Oto-mangue
mazateco-de-la-presa-bajo,en ningotsie,mazateco de la presa bajo,mazateco,Oto-mangue
mazateco-de-ocopetatillo,en ndaja,mazateco de Ocopetatillo,mazateco,Oto-mangue
mazateco-de-puebla,an xo’boo,mazateco de Puebla,mazateco,Oto-mangue
mazateco-de-tecoatl,enna (de Tecóatl),mazateco de Tecóatl,mazateco,Oto-mangue
mazateco-del-centro,enna (del centro),mazateco del centro,mazateco,Oto-mangue
mazateco-del-este-bajo,ntaxjo,mazateco del este bajo,mazateco,Oto-mangue
mazateco-del-noreste,en naxijen,mazateco del noreste,mazateco,Oto-mangue
mazateco-del-norte,en naxo tota,mazateco del norte,mazateco,Oto-mangue
mazateco-del-norte,en nda xo,mazateco del norte,mazateco,Oto-mangue
mazateco-del-oeste,enna (del oeste),mazateco del oeste,mazateco,Oto-mangue
mazateco-del-sur,nne nangui ngaxni,mazateco del sur,mazateco,Oto-mangue
mazateco-del-sureste,enre naxinanda nguifi,mazateco del sureste,mazateco,Oto-mangue
mazateco-del-suroeste,Ienra naxinandana nnandia,mazateco del suroeste,mazateco,Oto-mangue
mixe-alto-del-centro,ayuujk (alto del centro),mixe alto del centro,mixe,Mixe-zoque
mixe-alto-del-norte,ayöök,mixe alto del norte,mixe,Mixe-zoque
mixe-alto-del-sur,ayuujk,mixe alto del sur,mixe,Mixe-zoque
mixe-bajo,ayuk,mixe bajo,mixe,Mixe-zoque
mixe-medio-del-este,ayuuk (medio del este),mixe medio del este,mixe,Mixe-zoque
mixe-medio-del-oeste,eyuk,mixe medio del oeste,mixe,Mixe-zoque
mixteco-alto-de-valles,tu’un ñudavi,mixteco alto de Valles,mixteco,Oto-mangue
mixteco-bajo-de-valles,tu’un dau,mixteco bajo de Valles,mixteco,Oto-mangue
mixteco-central,tu’un savi (central),mixteco central,mixteco,Oto-mangue
mixteco-central-de-guerrero,tno’on savi (central de Guerrero),mixteco central de Guerrero,mixteco,Oto-mangue
mixteco-central-de-guerrero,tu’un savi (central de Guerrero),mixteco central de Guerrero,mixteco,Oto-mangue
mixteco-de-atlamajalcingo,tu’un savi (de Atlamajalcingo),mixteco de Atlamajalcingo,mixteco,Oto-mangue
mixteco-de-ayutla,tu’un savi (de Ayutla),mixteco de Ayutla,mixteco,Oto-mangue
mixteco-de-canada-bajo,tu’un savi (de Cañada bajo),mixteco de Cañada bajo,mixteco,Oto-mangue
mixteco-de-canada-central,tu’un savi (de Cañada central),mixteco de Cañada central,mixteco,Oto-mangue
mixteco-de-chochoapa,tu’un savi (de Chochoapa),mixteco de Chochoapa,mixteco,Oto-mangue
mixteco-de-coapanatoyac,tno’on sawi,mixteco de Coapanatoyac,mixteco,Oto-mangue
mixteco-de-coapanatoyac,tu’un savi (de Coapanatoyac),mixteco de Coapanatoyac,mixteco,Oto-mangue
mixteco-de-coatzospam,tu’un davi (de Coatzóspam),mixteco de Coatzóspam,mixteco,Oto-mangue
mixteco-de-guerrero-central-alto,tno’on sávi,mixteco de Guerrero central alto,mixteco,Oto-mangue
mixteco-de-guerrero-de-la-costa-central,tu’un savi (de Guerrero de la costa central),mixteco de Guerrero de la costa central,mixteco,Oto-mangue
mixteco-de-guerrero-de-la-costa-este,tu’un savi (de Guerrero de la costa este),mixteco de Guerrero de la costa este,mixteco,Oto-mangue
mixteco-de-guerrero-de-la-costa-occidental,tu’un savi (de Guerrero de la costa occidental),mixteco de Guerrero de la costa occidental,mixteco,Oto-mangue
mixteco-de-guerrero-del-este-medio,tu’un Isasi (de Guerrero del este medio),mixteco de Guerrero del este medio,mixteco,Oto-mangue
mixteco-de-guerrero-del-este-medio,tu’un isavi,mixteco de Guerrero del este medio,mixteco,Oto-mangue
mixteco-de-guerrero-del-este-medio,tu’un savi (de Guerrero del este medio),mixteco de Guerrero del este medio,mixteco,Oto-mangue
mixteco-de-guerrero-del-noreste-central,tu’un savi (de Guerrero del noreste central),mixteco de Guerrero del noreste central,mixteco,Oto-mangue
mixteco-de-guerrero-del-norte,tu’un savi (de Guerrero del norte),mixteco de Guerrero del norte,mixteco,Oto-mangue
mixteco-de-guerrero-del-norte-central,jnu’un sábi,mixteco de Guerrero del norte central,mixteco,Oto-mangue
mixteco-de-igualapa,tu’un Isasi (de Igualapa),mixteco de Igualapa,mixteco,Oto-mangue
mixteco-de-igualapa,tu’un savi (de Igualapa),mixteco de Igualapa,mixteco,Oto-mangue
mixteco-de-ixtayutla,tu’un savi (de Ixtayutla),mixteco de Ixtayutla,mixteco,Oto-mangue
mixteco-de-la-frontera-puebla-oaxaca,da’an davi (de la frontera Puebla-Oaxaca),mixteco de la frontera Puebla-Oaxaca,mixteco,Oto-mangue
mixteco-de-mitlatongo,tu’un lavi,mixteco de Mitlatongo,mixteco,Oto-mangue
mixteco-de-numi,sa'an sau (de Ñumi),mixteco de Ñumi,mixteco,Oto-mangue
mixteco-de-numi,sa'an savi,mixteco de Ñumi,mixteco,Oto-mangue
mixteco-de-oaxaca-de-costa-central-baja,tu’un savi (de Oaxaca de costa central baja),mixteco de Oaxaca de costa central baja,mixteco,Oto-mangue
mixteco-de-oaxaca-de-la-costa-central,tu’un savi (de Oaxaca de la costa central),mixteco de Oaxaca de la costa central,mixteco,Oto-mangue
mixteco-de-oaxaca-de-la-costa-noroeste,tu’un savi (de Oaxaca de la costa noroeste),mixteco de Oaxaca de la costa noroeste,mixteco,Oto-mangue
mixteco-de-oaxaca-de-la-costa-oeste-central,tu’un savi (de Oaxaca de la costa oeste central),mixteco de Oaxaca de la costa oeste central,mixteco,Oto-mangue
mixteco-de-oeste-central,sa'an ntavi,mixteco de oeste central,mixteco,Oto-mangue
mixteco-de-san-agustin-tlacotepec,tu’un savi (de San Agustín Tlacotepec),mixteco de San Agustín Tlacotepec,mixteco,Oto-mangue
mixteco-de-san-antonio-huitepec,tu’un savi (de San Antonio Huitepec),mixteco de San Antonio Huitepec,mixteco,Oto-mangue
mixteco-de-san-antonio-sinicahua,tu’un savi (de San Antonio Sinicahua),mixteco de San Antonio Sinicahua,mixteco,Oto-mangue
mixteco-de-san-juan-tamazola,tnu’un davi (de San Juan Tamazola),mixteco de San Juan Tamazola,mixteco,Oto-mangue
mixteco-de-san-juan-teita,dañudavi,mixteco de San Juan Teita,mixteco,Oto-mangue
mixteco-de-san-luis-acatlan,tu’un savi (de San Luis Acatlán),mixteco de San Luis Acatlán,mixteco,Oto-mangue
mixteco-de-san-mateo-penasco,tu’un savi (de San Mateo Peñasco),mixteco de San Mateo Peñasco,mixteco,Oto-mangue
mixteco-de-san-miguel-piedras,tu’un savi (de San Miguel Piedras),mixteco de San Miguel Piedras,mixteco,Oto-mangue
mixteco-de-san-pablo-tijaltepec,tu’un savi (de San Pablo Tijaltepec),mixteco de San Pablo Tijaltepec,mixteco,Oto-mangue
mixteco-de-san-pedro-molinos,tu’un savi (de San Pedro Molinos),mixteco de San Pedro Molinos,mixteco,Oto-mangue
mixteco-de-san-pedro-tidaa,tnu’un dawi,mixteco de San Pedro Tidaá,mixteco,Oto-mangue
mixteco-de-santa-cruz-itundujia,tu’un savi (de Santa Cruz Itundujia),mixteco de Santa Cruz Itundujia,mixteco,Oto-mangue
mixteco-de-santa-ines-de-zaragoza,tnu’un davi (de Santa Inés de Zaragoza),mixteco de Santa Inés de Zaragoza,mixteco,Oto-mangue
mixteco-de-santa-lucia-monteverde,sasau,mixteco de Santa Lucía Monteverde,mixteco,Oto-mangue
mixteco-de-santa-maria-huazolotitlan,to’on savi (de Santa María Huazolotitlán),mixteco de Santa María Huazolotitlán,mixteco,Oto-mangue
mixteco-de-santa-maria-penoles,tu’un savi (de Santa María Peñoles),mixteco de Santa María Peñoles,mixteco,Oto-mangue
mixteco-de-santa-maria-yosoyua,tu’un savi (de Santa María Yosoyúa),mixteco de Santa María Yosoyúa,mixteco,Oto-mangue
mixteco-de-santiago-amoltepec,tnu'u ñuu savi,mixteco de Santiago Amoltepec,mixteco,Oto-mangue
mixteco-de-santo-domingo-tonala,to’on nda’vi,mixteco de Santo Domingo Tonalá,mixteco,Oto-mangue
mixteco-de-sierra-sur-noroeste,tu’un savi (de Sierra sur noroeste),mixteco de Sierra sur noroeste,mixteco,Oto-mangue
mixteco-de-sierra-sur-oeste,tu’un va’a,mixteco de Sierra sur oeste,mixteco,Oto-mangue
mixteco-de-tlacoachistlahuaca,tu’un savi (de Tlacoachistlahuaca),mixteco de Tlacoachistlahuaca,mixteco,Oto-mangue
mixteco-de-tlahuapa,tu’un savi (de Tlahuapa),mixteco de Tlahuapa,mixteco,Oto-mangue
mixteco-de-tlalixtaquilla-de-maldonado,tu’un savi de (Tlalixtaquilla de Maldonado),mixteco de Tlalixtaquilla de Maldonado,mixteco,Oto-mangue
mixteco-de-tlaltempan,da’an davi (de Tlaltempan),mixteco de Tlaltempan,mixteco,Oto-mangue
mixteco-de-tlaltempan,de’e dau (de Tlaltempan),mixteco de Tlaltempan,mixteco,Oto-mangue
mixteco-de-villa-de-tututepec,tu’un savi (de Villa de Tututepec),mixteco de Villa de Tututepec,mixteco,Oto-mangue
mixteco-de-xochapa,tu’un savi (de Xochapa),mixteco de Xochapa,mixteco,Oto-mangue
mixteco-de-xochistlahuaca,tu’un savi (de Xochistlahuaca),mixteco de Xochistlahuaca,mixteco,Oto-mangue
mixteco-de-xonacatlan,tu’un savi (de Xonacatlán),mixteco de Xonacatlán,mixteco,Oto-mangue
mixteco-de-yosondua,sa’an sau (de Yosondúa),mixteco de Yosondúa,mixteco,Oto-mangue
mixteco-de-yosonotu,tu’un savi (de Yosonotú),mixteco de Yosonotú,mixteco,Oto-mangue
mixteco-de-yutanduchi-de-guerrero,tu’un savi (de Yutanduchi de Guerrero),mixteco de Yutanduchi de Guerrero,mixteco,Oto-mangue
mixteco-de-zapotitlan,da’an davi (de Zapotitlán),mixteco de Zapotitlán,mixteco,Oto-mangue
mixteco-de-zoyatlan-de-juarez,tu’un savi (de Zoyatlán de Juárez),mixteco de Zoyatlán de Juárez,mixteco,Oto-mangue
mixteco-del-este,tu’un davi (del este),mixteco del este,mixteco,Oto-mangue
mixteco-del-este-central,tnu’un dau,mixteco del este central,mixteco,Oto-mangue
mixteco-del-noreste,da’an davi (del noreste),mixteco del noreste,mixteco,Oto-mangue
mixteco-del-noreste-bajo,tu’un savi (del noreste bajo),mixteco del noreste bajo,mixteco,Oto-mangue
mixteco-del-noroeste,tu’un savi (del noroeste),mixteco del noroeste,mixteco,Oto-mangue
mixteco-del-noroeste-central-alto,tu’un djavi,mixteco del noroeste central alto,mixteco,Oto-mangue
mixteco-del-noroeste-central-bajo,tu’un javi,Mixteco del noroeste central bajo,mixteco,Oto-mangue
mixteco-del-noroeste-medio,dedavi,mixteco del noroeste medio,mixteco,Oto-mangue
mixteco-del-noroeste-medio,tu’un savi (del noroeste medio),mixteco del noroeste medio,mixteco,Oto-mangue
mixteco-del-norte-bajo,tu’un savi (del norte bajo),mixteco del norte bajo,mixteco,Oto-mangue
mixteco-del-oeste,to’on savi (del oeste),mixteco del oeste,mixteco,Oto-mangue
mixteco-del-oeste-alto,tu’un da’vi,mixteco del oeste alto,mixteco,Oto-mangue
mixteco-del-oeste-de-la-costa,tu’un savi (del oeste de la costa),mixteco del oeste de la costa,mixteco,Oto-mangue
mixteco-del-sur-bajo,sahin sau,mixteco del sur bajo,mixteco,Oto-mangue
mixteco-del-sur-medio,tu’un savi (del sur medio),mixteco del sur medio,mixteco,Oto-mangue
mixteco-del-sureste-central,tnu’u savi (del sureste central),mixteco del sureste central,mixteco,Oto-mangue
mixteco-del-suroeste,tu’un savi (del suroeste),mixteco del suroeste,mixteco,Oto-mangue
mixteco-del-suroeste-central,tu’un savi (del suroeste central),mixteco del suroeste central,mixteco,Oto-mangue
mixteco-del-suroeste-de-puebla,da’an davi (del suroeste de Puebla),mixteco del suroeste de Puebla,mixteco,Oto-mangue
mixteco-del-suroeste-de-puebla,de’e dau (del suroeste de Puebla),mixteco del suroeste de Puebla,mixteco,Oto-mangue
mexicano-alto-de-occidente,mexicano (alto de occidente),mexicano alto de occidente,náhuatl,Yuto-nahua
mexicano-bajo-de-occidente,mexicano (bajo de occidente),mexicano bajo de occidente,náhuatl,Yuto-nahua
mexicano-central-bajo,mexicano (central bajo),mexicano central bajo,náhuatl,Yuto-nahua
mexicano-central-de-occidente,mexicano (central de occidente),mexicano central de occidente,náhuatl,Yuto-nahua
mexicano-de-guerrero,mexicano (de Guerrero),mexicano de Guerrero,náhuatl,Yuto-nahua
mexicano-de-la-huasteca-hidalguense,mexicano (de la Huasteca Hidalguense),mexicano de la Huasteca hidalguense,náhuatl,Yuto-nahua
mexicano-de-occidente,mexicano (de occidente),mexicano de occidente,náhuatl,Yuto-nahua
mexicano-de-puente-de-ixtla,mexicano (de Puente de Ixtla),mexicano de Puente de Ixtla,náhuatl,Yuto-nahua
mexicano-de-temixco,mexicano (de Temixco),mexicano de Temixco,náhuatl,Yuto-nahua
mexicano-de-tetela-del-volcan,mexicano (de Tetela del Volcán),mexicano de Tetela del Volcán,náhuatl,Yuto-nahua
mexicano-del-centro,mexicano (del centro),mexicano del centro,náhuatl,Yuto-nahua
mexicano-del-centro-alto,mexicano (del centro alto),mexicano del centro alto,náhuatl,Yuto-nahua
mexicano-del-centro-bajo,mexicano (del centro bajo),mexicano del centro bajo,náhuatl,Yuto-nahua
mexicano-del-noroeste,mexicano (del noroeste),mexicano del noroeste,náhuatl,Yuto-nahua
mexicano-del-oriente,mexicano (del oriente),mexicano del oriente,náhuatl,Yuto-nahua
mexicano-del-oriente-central,mexicano (del oriente central),mexicano del oriente central,náhuatl,Yuto-nahua
mexicano-del-oriente-de-puebla,mexicano (del oriente de Puebla),mexicano del oriente de Puebla,náhuatl,Yuto-nahua
nahuatl-alto-del-norte-de-puebla,maseual tajtol,náhuatl alto del norte de Puebla,náhuatl,Yuto-nahua
nahuatl-alto-del-norte-de-puebla,nahuat,náhuatl alto del norte de Puebla,náhuatl,Yuto-nahua
nahuatl-central-de-veracruz,mexicano (central de Veracruz),náhuatl central de Veracruz,náhuatl,Yuto-nahua
nahuatl-central-de-veracruz,náhuatl (central de Veracruz),náhuatl central de Veracruz,náhuatl,Yuto-nahua
nahuatl-de-la-huasteca-potosina,mexicano (de la Huasteca potosina),náhuatl de la Huasteca potosina,náhuatl,Yuto-nahua
nahuatl-de-la-huasteca-potosina,mexicatl (de la Huasteca potosina),náhuatl de la Huasteca potosina,náhuatl,Yuto-nahua
nahuatl-de-la-huasteca-potosina,náhuatl (de la Huasteca potosina),náhuatl de la Huasteca potosina,náhuatl,Yuto-nahua
nahuatl-de-la-huasteca-veracruzana,mexcatl,náhuatl de la Huasteca veracruzana,náhuatl,Yuto-nahua
nahuatl-de-la-huasteca-veracruzana,mexicano (de la Huasteca veracruzana),náhuatl de la Huasteca veracruzana,náhuatl,Yuto-nahua
nahuatl-de-la-huasteca-veracruzana,náhuatl (de la Huasteca veracruzana),náhuatl de la Huasteca veracruzana,náhuatl,Yuto-nahua
nahuatl-de-la-sierra-negra-norte,"mexicano (de la Sierra negra, norte)","náhuatl de la Sierra negra, norte",náhuatl,Yuto-nahua
nahuatl-de-la-sierra-negra-norte,"mexicatl (de la Sierra negra, norte)","náhuatl de la Sierra negra, norte",náhuatl,Yuto-nahua
nahuatl-de-la-sierra-negra-norte,"náhuatl (de la Sierra negra, norte)","náhuatl de la Sierra negra, norte",náhuatl,Yuto-nahua
nahuatl-de-la-sierra-negra-sur,"mexicano (de la Sierra negra, sur)","náhuatl de la Sierra negra, sur",náhuatl,Yuto-nahua
nahuatl-de-la-sierra-negra-sur,"náhuatl (de la Sierra negra, sur)","náhuatl de la Sierra negra, sur",náhuatl,Yuto-nahua
nahuatl-de-la-sierra-noreste-de-puebla,mexicano tlajtol,"náhuatl de la Sierra, noreste de Puebla",náhuatl,Yuto-nahua
nahuatl-de-la-sierra-noreste-de-puebla,nauta,"náhuatl de la Sierra, noreste de Puebla",náhuatl,Yuto-nahua
nahuatl-de-la-sierra-oeste-de-puebla,masehual tla’tol,náhuatl de la Sierra oeste de Puebla,náhuatl,Yuto-nahua
nahuatl-de-oaxaca,mexicano (de Oaxaca),náhuatl de Oaxaca,náhuatl,Yuto-nahua
nahuatl-del-centro-de-puebla,mexicano (del centro de Puebla),náhuatl del centro de Puebla,náhuatl,Yuto-nahua
nahuatl-del-istmo,náhuatl (del Istmo),náhuatl del Istmo,náhuatl,Yuto-nahua
nahuatl-del-istmo-bajo,mexicano (del Istmo bajo),náhuatl del Istmo bajo,náhuatl,Yuto-nahua
nahuatl-del-istmo-bajo,náhuatl (del Istmo bajo),náhuatl del Istmo bajo,náhuatl,Yuto-nahua
nahuatl-del-noreste-central,maseual tla’tol,náhuatl del noreste central,náhuatl,Yuto-nahua
nahuatl-del-noreste-central,mexicano (del noroeste central),náhuatl del noreste central,náhuatl,Yuto-nahua
nahuatl-del-noreste-central,mexi’catl,náhuatl del noreste central,náhuatl,Yuto-nahua
oluteco,yaakaw+,oluteco,oluteco,Mixe-zoque
otomi-bajo-del-noroeste,hñäñho,otomí bajo del noroeste,otomí,Oto-mangue
otomi-de-ixtenco,yühmu,otomí de Ixtenco,otomí,Oto-mangue
otomi-de-la-sierra,yühu,otomí de la Sierra,otomí,Oto-mangue
otomi-de-la-sierra,ñoju,otomí de la Sierra,otomí,Oto-mangue
otomi-de-la-sierra,ñuju,otomí de la Sierra,otomí,Oto-mangue
otomi-de-tilapa-o-del-sur,nü’hü,otomí de Tilapa o del sur,otomí,Oto-mangue
otomi-del-centro,hñothó,otomí del centro,otomí,Oto-mangue
otomi-del-centro,hñähñu (del centro),otomí del centro,otomí,Oto-mangue
otomi-del-centro,ñható,otomí del centro,otomí,Oto-mangue
otomi-del-centro,ñóhnño (del centro),otomí del centro,otomí,Oto-mangue
otomi-del-centro,ñöthó,otomí del centro,otomí,Oto-mangue
otomi-del-noroeste,hñöñho,otomí del noroeste,otomí,Oto-mangue
otomi-del-noroeste,ñanhú,otomí del noroeste,otomí,Oto-mangue
otomi-del-noroeste,ñühú,otomí del noroeste,otomí,Oto-mangue
otomi-del-oeste,nathó,otomí del oeste,otomí,Oto-mangue
otomi-del-oeste-del-valle-del-mezquital,ñähñá,otomí del oeste del Valle del Mezquital,otomí,Oto-mangue
otomi-del-oeste-del-valle-del-mezquital,ñöhñö,otomí del oeste del Valle del Mezquital,otomí,Oto-mangue
otomi-del-valle-del-mezquital,hñähñú,otomí del Valle del Mezquital,otomí,Oto-mangue
otomi-del-valle-del-mezquital,ñandú,otomí del Valle del Mezquital,otomí,Oto-mangue
otomi-del-valle-del-mezquital,ñanhmu,otomí del Valle del Mezquital,otomí,Oto-mangue
otomi-del-valle-del-mezquital,ñänhú (del Valle del Mezquital),otomí del Valle del Mezquital,otomí,Oto-mangue
otomi-del-valle-del-mezquital,ñóhnño (del valle del Mezquital),otomí del Valle del Mezquital,otomí,Oto-mangue
paipai,jaspuy pai,paipai,paipai,Cochimí-yumana
pame-del-centro,xi’oi,pame del centro,pame,Oto-mangue
pame-del-norte,xi’iuy,pame del norte,pame,Oto-mangue
papago,tohono o’odham,pápago,pápago,Yuto-nahua
papago,tohono o’otham,pápago,pápago,Yuto-nahua
pima-del-este,obnók (del este),pima del este,pima,Yuto-nahua
pima-del-norte,oob no’ok (del norte),pima del norte,pima,Yuto-nahua
pima-del-sur,oob no’ok (del sur),pima del sur,pima,Yuto-nahua
popoloca-de-oriente,ngiba (de oriente),popoloca de oriente,popoloca,Oto-mangue
popoloca-de-oriente,ngigua (de oriente),popoloca de oriente,popoloca,Oto-mangue
popoloca-de-oriente,ngiwa (de oriente),popoloca de oriente,popoloca,Oto-mangue
popoloca-del-centro,ngiba (del centro),popoloca del centro,popoloca,Oto-mangue
popoloca-del-norte,ngigua (del norte),popoloca del norte,popoloca,Oto-mangue
popoloca-del-norte,ngiwa (del norte),popoloca del norte,popoloca,Oto-mangue
popoloca-del-poniente,ngiba (del poniente),popoloca del poniente,popoloca,Oto-mangue
popoluca-de-la-sierra,nunta anh+maatyi,popoluca de la Sierra,popoluca de la Sierra,Mixe-zoque
popoluca-de-la-sierra,nuntaj+yi’,popoluca de la Sierra,popoluca de la Sierra,Mixe-zoque
mocho,mocho’,mocho,qato'k,Maya
tuzanteco,muchu’,tuzanteco,qato'k,Maya
q-anjob-al,K’anjob’al,Q’anjob’al,Q'anjob'al,Maya
q-eqchi,Q’eqchi’,Q’eqchi,Q'eqchí',Maya
sayulteco,t+kmaya’,sayulteco,sayulteco,Mixe-zoque
sayulteco,yámay,sayulteco,sayulteco,Mixe-zoque
seri,cmiique iitom,seri,seri,Seri
tarahumara-de-cumbres,ralámuli raicha (de Cumbres),tarahumara de Cumbres,tarahumara,Yuto-nahua
tarahumara-del-centro,ralámuli raicha (del centro),tarahumara del centro,tarahumara,Yuto-nahua
tarahumara-del-norte,ralámuli raicha (del norte),tarahumara del norte,tarahumara,Yuto-nahua
tarahumara-del-oeste,rarómari raicha,tarahumara del oeste,tarahumara,Yuto-nahua
tarahumara-del-sur,rarámari raicha,tarahumara del sur,tarahumara,Yuto-nahua
purepecha,p’orhepecha,purépecha,tarasco,Tarasca
purepecha,p’urhepecha,purépecha,tarasco,Tarasca
teko,B’a’aj,Teko,Teko,Maya
teko,Qyool (de Tectitán),Teko,Teko,Maya
tepehua-del-norte,lhichiwíin,tepehua del norte,tepehua,Totonaco-tepehua
tepehua-del-oeste,lhiimaasipijni,tepehua del oeste,tepehua,Totonaco-tepehua
tepehua-del-oeste,liimaasipijni,tepehua del oeste,tepehua,Totonaco-tepehua
tepehua-del-sur,lhiimaqalhqama’,tepehua del sur,tepehua,Totonaco-tepehua
tepehua-del-sur,lhiima’alh’ama’,tepehua del sur,tepehua,Totonaco-tepehua
tepehuano-del-norte,odami,tepehuano del norte,tepehuano del norte,Yuto-nahua
tepehuano-del-sur-alto,au’dam,tepehuano del sur alto,tepehuano del sur,Yuto-nahua
tepehuano-del-sur-bajo,o’dam (del sur bajo),tepehuano del sur bajo,tepehuano del sur,Yuto-nahua
tepehuano-del-sur-central,o’dam (del sur central),tepehuano del sur central,tepehuano del sur,Yuto-nahua
texistepequeno,wää ‘oot,texistepequeño,texistepequeño,Mixe-zoque
tlahuica,pjiekakjoo,tlahuica,tlahuica,Oto-mangue
tlapaneco-central-bajo,me'pha a xkua ixi ridií,tlapaneco central bajo,tlapaneco,Oto-mangue
tlapaneco-del-centro,mi'pha a míŋuíí,tlapaneco del centro,tlapaneco,Oto-mangue
tlapaneco-del-este,me'pha a bátháá,tlapaneco del este,tlapaneco,Oto-mangue
tlapaneco-del-noroeste-alto,me'pha a agua a,tlapaneco del noroeste alto,tlapaneco,Oto-mangue
tlapaneco-del-noroeste-bajo,me'phaa xma'íín,tlapaneco del noroeste bajo,tlapaneco,Oto-mangue
tlapaneco-del-norte,me'pha a xirágáá,tlapaneco del norte,tlapaneco,Oto-mangue
tlapaneco-del-oeste,tlapaneco,tlapaneco del oeste,tlapaneco,Oto-mangue
tlapaneco-del-sur,me'pha a tsíndíí,tlapaneco del sur,tlapaneco,Oto-mangue
tlapaneco-del-suroeste,me'pa a wí'i in,tlapaneco del suroeste,tlapaneco,Oto-mangue
tojolabal,tojol-ab’al,tojolabal,tojolabal,Maya
totonaco-central-alto,tutunáku (central alto),totonaco central alto,totonaco,Totonaco-tepehua
totonaco-central-del-norte,tachaqawaxti,totonaco central del norte,totonaco,Totonaco-tepehua
totonaco-central-del-norte,tachiwiin,totonaco central del norte,totonaco,Totonaco-tepehua
totonaco-central-del-norte,tutunakuj,totonaco central del norte,totonaco,Totonaco-tepehua
totonaco-central-del-sur,totonaco (central del sur),totonaco central del sur,totonaco,Totonaco-tepehua
totonaco-central-del-sur,tutunakú,totonaco central del sur,totonaco,Totonaco-tepehua
totonaco-central-del-sur,tutunáku (central del sur),totonaco central del sur,totonaco,Totonaco-tepehua
totonaco-de-la-costa,lichiwin tutunaku,totonaco de la costa,totonaco,Totonaco-tepehua
totonaco-del-cerro-xinolatepetl,kintachiuinkan,totonaco del cerro Xinolatépetl,totonaco,Totonaco-tepehua
totonaco-del-rio-necaxa,totonaco (del río Necaxa),totonaco del río Necaxa,totonaco,Totonaco-tepehua
totonaco-del-sureste,laakanaachiwíin,totonaco del sureste,totonaco,Totonaco-tepehua
triqui-de-la-alta,gui a’mi nánj nï’ïn,triqui de la alta,triqui,Oto-mangue
triqui-de-la-baja,tnanj ni’inj,triqui de la baja,triqui,Oto-mangue
triqui-de-la-media,stnáj ni’,triqui de la media,triqui,Oto-mangue
triqui-de-san-juan-copala,xnánj nu’ a,triqui de San Juan Copala,triqui,Oto-mangue
tseltal-del-norte,bats’il k’op (del norte),tseltal del norte,tseltal,Maya
tseltal-del-occidente,bats’il k’op (del occidente),tseltal del occidente,tseltal,Maya
tseltal-del-oriente,bats’il k’op (del oriente),tseltal del oriente,tseltal,Maya
tseltal-del-sur,bats’il k’op (del sur),tseltal del sur,tseltal,Maya
tsotsil-de-los-altos,bats’i k’op (de los Altos),tsotsil de los Altos,tsotsil,Maya
tsotsil-del-centro,bats’i k’op (del centro),tsotsil del centro,tsotsil,Maya
tsotsil-del-este-alto,bats’i k’op (del este alto),tsotsil del este alto,tsotsil,Maya
tsotsil-del-este-bajo,bats’i k’op (del este bajo),tsotsil del este bajo,tsotsil,Maya
tsotsil-del-noroeste,bats’i k’op (del noroeste),tsotsil del noroeste,tsotsil,Maya
tsotsil-del-norte-alto,bats’i k’op (del norte alto),tsotsil del norte alto,tsotsil,Maya
tsotsil-del-norte-bajo,bats’i k’op (del norte bajo),tsotsil del norte bajo,tsotsil,Maya
yaqui,hiak-nooki,yaqui,yaqui,Yuto-nahua
zapoteco-de-asuncion-tlacolulita,tixh nguizë,zapoteco de Asunción Tlacolulita,zapoteco,Oto-mangue
zapoteco-de-la-costa-central,diste’ (de la costa central),zapoteco de la costa central,zapoteco,Oto-mangue
zapoteco-de-la-costa-central,distèe (de la costa central),zapoteco de la costa central,zapoteco,Oto-mangue
zapoteco-de-la-costa-este,ditsa’,zapoteco de la costa este,zapoteco,Oto-mangue
zapoteco-de-la-costa-noreste,desté,zapoteco de la costa noreste,zapoteco,Oto-mangue
zapoteco-de-la-costa-noreste,distèe (de la costa noreste),zapoteco de la costa noreste,zapoteco,Oto-mangue
zapoteco-de-la-costa-oeste,diste’ (de la costa oeste),zapoteco de la costa oeste,zapoteco,Oto-mangue
zapoteco-de-la-costa-oeste,dixhque’,zapoteco de la costa oeste,zapoteco,Oto-mangue
zapoteco-de-la-costa-oeste,ristee’,zapoteco de la costa oeste,zapoteco,Oto-mangue
zapoteco-de-la-montana-del-istmo-alto,didxsá,"zapoteco de la montaña del Istmo, alto",zapoteco,Oto-mangue
zapoteco-de-la-montana-del-istmo-alto,ditsá,"zapoteco de la montaña del Istmo, alto",zapoteco,Oto-mangue
zapoteco-de-la-montana-del-istmo-bajo,ditsire,"zapoteco de la montaña del Istmo, bajo",zapoteco,Oto-mangue
zapoteco-de-la-montana-del-istmo-bajo,di’tsiri’e,"zapoteco de la montaña del Istmo, bajo",zapoteco,Oto-mangue
zapoteco-de-la-planicie-costera,diidxazá,zapoteco de la planicie costera,zapoteco,Oto-mangue
zapoteco-de-la-planicie-costera,diixazá,zapoteco de la planicie costera,zapoteco,Oto-mangue
zapoteco-de-la-planicie-costera,dixazà,zapoteco de la planicie costera,zapoteco,Oto-mangue
zapoteco-de-la-sierra-sur-central,diiste,"zapoteco de la Sierra sur, central",zapoteco,Oto-mangue
zapoteco-de-la-sierra-sur-del-este-bajo,didxke’,"zapoteco de la Sierra sur, del este bajo",zapoteco,Oto-mangue
zapoteco-de-la-sierra-sur-del-norte,dizde (de la Sierra sur del norte),"zapoteco de la Sierra sur, del norte",zapoteco,Oto-mangue
zapoteco-de-la-sierra-sur-del-norte,"dizè (de la Sierra sur, del norte)","zapoteco de la Sierra sur, del norte",zapoteco,Oto-mangue
zapoteco-de-la-sierra-sur-del-sureste-alto,didsé,"zapoteco de la Sierra sur, del sureste alto",zapoteco,Oto-mangue
zapoteco-de-la-sierra-sur-del-sureste-alto,ditsa,"zapoteco de la Sierra sur, del sureste alto",zapoteco,Oto-mangue
zapoteco-de-la-sierra-sur-del-sureste-alto,"ditsè (de la Sierra sur, del sureste alto)","zapoteco de la Sierra sur, del sureste alto",zapoteco,Oto-mangue
zapoteco-de-la-sierra-sur-del-sureste-bajo,"diste’ (de la Sierra sur, del sureste bajo)","zapoteco de la Sierra sur, del sureste bajo",zapoteco,Oto-mangue
zapoteco-de-la-sierra-sur-del-sureste-bajo,distse’e,"zapoteco de la Sierra sur, del sureste bajo",zapoteco,Oto-mangue
zapoteco-de-la-sierra-sur-noreste-alto,dialó,"zapoteco de la Sierra sur, noreste alto",zapoteco,Oto-mangue
zapoteco-de-la-sierra-sur-noroeste-bajo,rizi,"zapoteco de la Sierra sur, noroeste bajo",zapoteco,Oto-mangue
zapoteco-de-la-sierra-sur-noroeste-dizde,ditsë,"zapoteco de la Sierra sur, noroeste",zapoteco,Oto-mangue
zapoteco-de-la-sierra-sur-noroeste-dizde,"dizde (de la Sierra sur, noroeste)","zapoteco de la Sierra sur, noroeste",zapoteco,Oto-mangue
zapoteco-de-la-sierra-sur-noroeste-medio,distse’,"zapoteco de la Sierra sur, noroeste medio",zapoteco,Oto-mangue
zapoteco-de-la-sierra-sur-noroeste-medio,"ditsè (de la Sierra sur, noroeste medio)","zapoteco de la Sierra sur, noroeste medio",zapoteco,Oto-mangue
zapoteco-de-la-sierra-sur-noroeste-medio,ditsëë,"zapoteco de la Sierra sur, noroeste medio",zapoteco,Oto-mangue
zapoteco-de-la-sierra-sur-noroeste-risna,risna,"zapoteco de la Sierra sur, noroeste",zapoteco,Oto-mangue
zapoteco-de-la-sierra-sur-noroeste-risna,rixhna,"zapoteco de la Sierra sur, noroeste",zapoteco,Oto-mangue
zapoteco-de-la-sierra-sur-oeste-bajo,"di’tse’e (de la Sierra sur, oeste bajo)","zapoteco de la Sierra sur, oeste bajo",zapoteco,Oto-mangue
zapoteco-de-mixtepec,dizde (de Mixtepec),zapoteco de Mixtepec,zapoteco,Oto-mangue
zapoteco-de-petapa,didxazé,zapoteco de Petapa,zapoteco,Oto-mangue
zapoteco-de-petapa,dizazi,zapoteco de Petapa,zapoteco,Oto-mangue
zapoteco-de-quiavicuzas,ditsere’,zapoteco de Quiavicuzas,zapoteco,Oto-mangue
zapoteco-de-quiavicuzas,dixhtiò,zapoteco de Quiavicuzas,zapoteco,Oto-mangue
zapoteco-de-san-antonino-el-alto,di’tse’e (de San Antonio el Alto),zapoteco de San Antonio el Alto,zapoteco,Oto-mangue
zapoteco-de-san-baltazar-chichicapam,dzhi’iza,zapoteco de San Baltazar Chichicapam,zapoteco,Oto-mangue
zapoteco-de-san-bartolo-yautepec,di’izhdë,zapoteco de San Bartolo Yautepec,zapoteco,Oto-mangue
zapoteco-de-san-felipe-tejalapam,tizá (de San Felipe Tejalápam),zapoteco de San Felipe Tejalápam,zapoteco,Oto-mangue
zapoteco-de-san-miguel-aloapam,tizha’,zapoteco de San Miguel Aloápam,zapoteco,Oto-mangue
zapoteco-de-san-vicente-coatlan,didxnde,zapoteco de San Vicente Coatlán,zapoteco,Oto-mangue
zapoteco-de-santa-maria-quiegolani,disà,zapoteco de Santa María Quiegolani,zapoteco,Oto-mangue
zapoteco-de-santa-maria-temaxcalapa,xitzhá,zapoteco de Santa María Temaxcalapa,zapoteco,Oto-mangue
zapoteco-de-santiago-laxopa,dilla rhune’,zapoteco de Santiago Laxopa,zapoteco,Oto-mangue
zapoteco-de-santiago-laxopa,dishe xun,zapoteco de Santiago Laxopa,zapoteco,Oto-mangue
zapoteco-de-santiago-yaveo,diza shitsa (de Santiago Yaveo),zapoteco de Santiago Yaveo,zapoteco,Oto-mangue
zapoteco-de-santiago-yaveo,di’ shitsa’,zapoteco de Santiago Yaveo,zapoteco,Oto-mangue
zapoteco-de-sierra-sur-del-noreste-alto,dichsà,"zapoteco de Sierra sur, del noreste alto",zapoteco,Oto-mangue
zapoteco-de-sierra-sur-del-noreste-alto,"didzá (de Sierra sur, del noreste alto)","zapoteco de Sierra sur, del noreste alto",zapoteco,Oto-mangue
zapoteco-de-sierra-sur-del-noreste-alto,ditsáh,"zapoteco de Sierra sur, del noreste alto",zapoteco,Oto-mangue
zapoteco-de-texmelucan,rixhquei,zapoteco de Texmelucan,zapoteco,Oto-mangue
zapoteco-de-valles-de-suroeste-alto,xtizhna,"zapoteco de Valles, de suroeste alto",zapoteco,Oto-mangue
zapoteco-de-valles-del-centro,disá,"zapoteco de Valles, del centro",zapoteco,Oto-mangue
zapoteco-de-valles-del-centro-bajo,"dizhá (de Valles, del centro bajo)","zapoteco de Valles, del centro bajo",zapoteco,Oto-mangue
zapoteco-de-valles-del-este-central,disàa,"zapoteco de Valles, del este central",zapoteco,Oto-mangue
zapoteco-de-valles-del-este-central,"dizá (de Valles, del este central)","zapoteco de Valles, del este central",zapoteco,Oto-mangue
zapoteco-de-valles-del-este-medio,dixdà,"zapoteco de Valles, del este medio",zapoteco,Oto-mangue
zapoteco-de-valles-del-este-medio,diza,"zapoteco de Valles, del este medio",zapoteco,Oto-mangue
zapoteco-de-valles-del-noreste,dichsah,"zapoteco de Valles, del noreste",zapoteco,Oto-mangue
zapoteco-de-valles-del-noreste,didxazá,"zapoteco de Valles, del noreste",zapoteco,Oto-mangue
zapoteco-de-valles-del-noroeste-bajo,"dizá (de Valles, del noroeste bajo)","zapoteco de Valles, del noroeste bajo",zapoteco,Oto-mangue
zapoteco-de-valles-del-noroeste-medio,dixsà,"zapoteco de Valles, del noroeste medio",zapoteco,Oto-mangue
zapoteco-de-valles-del-norte-central,dixzhá,"zapoteco de Valles, del norte central",zapoteco,Oto-mangue
zapoteco-de-valles-del-oeste-central,"dizhá (de Valles, del oeste central)","zapoteco de Valles, del oeste central",zapoteco,Oto-mangue
zapoteco-de-valles-del-sur,didzé,zapoteco de Valles del sur,zapoteco,Oto-mangue
zapoteco-de-valles-del-suroeste-central,"dizá (de Valles, del suroeste central)","zapoteco de Valles, del suroeste central",zapoteco,Oto-mangue
zapoteco-de-valles-del-suroeste-medio,"dizè (de Valles, del suroeste medio)","zapoteco de Valles, del suroeste medio",zapoteco,Oto-mangue
zapoteco-de-valles-del-suroeste-medio,dizé,"zapoteco de Valles, del suroeste medio",zapoteco,Oto-mangue
zapoteco-de-valles-noroeste,"tizá (de Valles, noroeste)","zapoteco de Valles, noroeste",zapoteco,Oto-mangue
zapoteco-de-valles-norte,dizdà,"zapoteco de Valles, norte",zapoteco,Oto-mangue
zapoteco-de-valles-oeste,"dixasà (de Valles, oeste)","zapoteco de Valles, oeste",zapoteco,Oto-mangue
zapoteco-de-valles-oeste,dizë,"zapoteco de Valles, oeste",zapoteco,Oto-mangue
zapoteco-de-zimatlan-de-alvarez,dixasà (de Zimatlán de Alvarez),zapoteco de Zimatlán de Álvarez,zapoteco,Oto-mangue
zapoteco-del-oeste-de-tuxtepec,diza shisa’,zapoteco del oeste de Tuxtepec,zapoteco,Oto-mangue
zapoteco-del-oeste-de-tuxtepec,diza shitsa (del oeste de Tuxtepec),zapoteco del oeste de Tuxtepec,zapoteco,Oto-mangue
zapoteco-del-oeste-de-tuxtepec,diza shitsá,zapoteco del oeste de Tuxtepec,zapoteco,Oto-mangue
zapoteco-serrano-bajo,"didzá (serrano, bajo)","zapoteco serrano, bajo",zapoteco,Oto-mangue
zapoteco-serrano-del-este,xitsúa,"zapoteco serrano, del este",zapoteco,Oto-mangue
zapoteco-serrano-del-noroeste,tizhà,"zapoteco serrano, del noroeste",zapoteco,Oto-mangue
zapoteco-serrano-del-noroeste-bajo,tidza’,"zapoteco serrano, del noroeste bajo",zapoteco,Oto-mangue
zapoteco-serrano-del-oeste,tizáriù,"zapoteco serrano, del oeste",zapoteco,Oto-mangue
zapoteco-serrano-del-oeste,xhtisariú,"zapoteco serrano, del oeste",zapoteco,Oto-mangue
zapoteco-serrano-del-oeste-medio,tizha,"zapoteco serrano, del oeste medio",zapoteco,Oto-mangue
zapoteco-serrano-del-sureste,didxa shiza’,"zapoteco serrano, del sureste",zapoteco,Oto-mangue
zapoteco-serrano-del-sureste,didza shon (serrano del sureste),"zapoteco serrano, del sureste",zapoteco,Oto-mangue
zapoteco-serrano-del-sureste,dilla xidza,"zapoteco serrano, del sureste",zapoteco,Oto-mangue
zapoteco-serrano-del-sureste,dishuràsh,"zapoteco serrano, del sureste",zapoteco,Oto-mangue
zapoteco-serrano-del-sureste,diya xhon,"zapoteco serrano, del sureste",zapoteco,Oto-mangue
zapoteco-serrano-del-sureste-alto,dilla xhon (serrano del sureste alto),"zapoteco serrano, del sureste alto",zapoteco,Oto-mangue
zapoteco-serrano-del-sureste-alto,diya dxon,"zapoteco serrano, del sureste alto",zapoteco,Oto-mangue
zapoteco-serrano-del-sureste-bajo,ditse’,"zapoteco serrano, del sureste bajo",zapoteco,Oto-mangue
zapoteco-serrano-del-sureste-bajo,ditse’ hualats,"zapoteco serrano, del sureste bajo",zapoteco,Oto-mangue
zapoteco-serrano-del-sureste-medio,didza shon (serrano del sureste medio),"zapoteco serrano, del sureste medio",zapoteco,Oto-mangue
zapoteco-serrano-del-sureste-medio,dilla xhon (serrano del sureste medio),"zapoteco serrano, del sureste medio",zapoteco,Oto-mangue
zapoteco-serrano-del-sureste-medio,dille xhon,"zapoteco serrano, del sureste medio",zapoteco,Oto-mangue
zoque-del-centro,tsuni (del centro),zoque del centro,zoque,Mixe-zoque
zoque-del-este,ode (del este),zoque del este,zoque,Mixe-zoque
zoque-del-noroeste,ote,zoque del noroeste,zoque,Mixe-zoque
zoque-del-norte-alto,ore (del norte alto),zoque del norte alto,zoque,Mixe-zoque
zoque-del-norte-bajo,ode (del norte bajo),zoque del norte bajo,zoque,Mixe-zoque
zoque-del-oeste,angpø’n,zoque del oeste,zoque,Mixe-zoque
zoque-del-oeste,angpø’n tsaame,zoque del oeste,zoque,Mixe-zoque
zoque-del-sur,tsuni (del sur),zoque del sur,zoque,Mixe-zoque
zoque-del-sureste,ore (del sureste),zoque del sureste,zoque,Mixe-zoque
