snapshot_date,inali_name,code,datasets,models,models_rejected_tag_only
2026-10-09,Akateko,knj,22,106,0
2026-10-09,amuzgo,amu,34,189,0
2026-10-09,amuzgo,azg,25,22,0
2026-10-09,amuzgo,azm,7,3,0
2026-10-09,Awakateko,agu,24,22,0
2026-10-09,ayapaneco,zoq,3,0,0
2026-10-09,cora,cok,8,19,0
2026-10-09,cora,crn,23,23,3
2026-10-09,cucapá,coc,8,3,1
2026-10-09,cuicateco,cut,23,100,1
2026-10-09,cuicateco,cux,23,100,0
2026-10-09,chatino,cly,13,15,0
2026-10-09,chatino,cta,24,22,1
2026-10-09,chatino,ctp,23,22,0
2026-10-09,chatino,ctz,11,3,1
2026-10-09,chatino,cya,24,22,0
2026-10-09,chatino,czn,7,4,0
2026-10-09,chichimeco jonaz,pei,8,3,0
2026-10-09,chinanteco,cco,21,22,0
2026-10-09,chinanteco,chj,14,15,0
2026-10-09,chinanteco,chq,26,103,0
2026-10-09,chinanteco,chz,18,19,0
2026-10-09,chinanteco,cle,21,22,0
2026-10-09,chinanteco,cnl,21,22,0
2026-10-09,chinanteco,cnt,21,22,0
2026-10-09,chinanteco,cpa,22,22,4
2026-10-09,chinanteco,csa,8,3,6
2026-10-09,chinanteco,cso,22,22,0
2026-10-09,chinanteco,cte,10,81,0
2026-10-09,chinanteco,ctl,10,81,0
2026-10-09,chinanteco,cuc,20,22,0
2026-10-09,chinanteco,cvn,7,3,0
2026-10-09,chocholteco,coz,6,3,0
2026-10-09,chontal de Oaxaca,chd,29,16,0
2026-10-09,chontal de Oaxaca,clo,11,3,0
2026-10-09,chontal de Tabasco,chf,23,22,0
2026-10-09,Chuj,cac,24,107,0
2026-10-09,ch'ol,ctu,27,106,1
2026-10-09,guarijío,var,13,93,0
2026-10-09,huasteco,hus,30,109,0
2026-10-09,huave,hue,10,81,0
2026-10-09,huave,huv,23,15,0
2026-10-09,huave,hve,7,3,0
2026-10-09,huave,hvv,6,3,0
2026-10-09,huichol,hch,30,41,0
2026-10-09,ixcateco,ixc,3,0,0
2026-10-09,Ixil,ixl,26,24,0
2026-10-09,Jakalteko,jac,24,106,2
2026-10-09,Kaqchikel,cak,36,114,0
2026-10-09,Kickapoo,kic,7,3,0
2026-10-09,kiliwa,klb,10,3,0
2026-10-09,kumiai,dih,7,3,0
2026-10-09,K'iche',quc,50,118,0
2026-10-09,lacandón,lac,24,22,0
2026-10-09,Mam,mam,41,114,0
2026-10-09,matlatzinca,mat,8,3,0
2026-10-09,maya,yua,35,135,2
2026-10-09,mayo,mfy,21,28,0
2026-10-09,mazahua,maz,30,108,0
2026-10-09,mazahua,mmc,8,8,0
2026-10-09,mazateco,maa,24,22,1
2026-10-09,mazateco,maj,21,22,0
2026-10-09,mazateco,maq,18,20,0
2026-10-09,mazateco,mau,25,100,0
2026-10-09,mazateco,mzi,8,3,0
2026-10-09,mazateco,pbm,5,3,0
2026-10-09,mazateco,vmp,10,81,0
2026-10-09,mazateco,vmy,19,19,0
2026-10-09,mazateco,vmz,11,81,0
2026-10-09,mixe,mco,23,15,0
2026-10-09,mixe,mir,22,15,9
2026-10-09,mixe,mto,24,15,0
2026-10-09,mixe,mxp,21,15,0
2026-10-09,mixe,mxq,21,15,0
2026-10-09,mixe,mzl,16,93,0
2026-10-09,mixe,neq,6,3,0
2026-10-09,mixteco,jmx,16,83,0
2026-10-09,mixteco,mab,9,81,0
2026-10-09,mixteco,mbz,6,3,0
2026-10-09,mixteco,mce,1,0,2
2026-10-09,mixteco,mdv,2,0,0
2026-10-09,mixteco,meh,7,19,0
2026-10-09,mixteco,mib,21,22,6
2026-10-09,mixteco,mie,24,22,0
2026-10-09,mixteco,mig,26,100,0
2026-10-09,mixteco,mih,22,22,0
2026-10-09,mixteco,mii,5,3,0
2026-10-09,mixteco,mil,22,22,0
2026-10-09,mixteco,mim,16,16,1
2026-10-09,mixteco,mio,21,22,2
2026-10-09,mixteco,mip,17,21,0
2026-10-09,mixteco,mit,22,22,37
2026-10-09,mixteco,miu,11,81,0
2026-10-09,mixteco,mix,7,13,123
2026-10-09,mixteco,miy,15,22,0
2026-10-09,mixteco,miz,21,22,0
2026-10-09,mixteco,mjc,24,22,0
2026-10-09,mixteco,mks,21,22,0
2026-10-09,mixteco,mpm,26,22,0
2026-10-09,mixteco,mqh,5,3,0
2026-10-09,mixteco,mtu,10,81,1
2026-10-09,mixteco,mtx,5,78,0
2026-10-09,mixteco,mvg,5,3,0
2026-10-09,mixteco,mxa,5,3,0
2026-10-09,mixteco,mxb,25,22,0
2026-10-09,mixteco,mxs,9,81,0
2026-10-09,mixteco,mxt,23,22,0
2026-10-09,mixteco,mxv,16,15,0
2026-10-09,mixteco,mxy,10,81,0
2026-10-09,mixteco,mza,14,15,0
2026-10-09,mixteco,vmc,9,81,0
2026-10-09,mixteco,vmj,9,81,0
2026-10-09,mixteco,vmm,10,81,0
2026-10-09,mixteco,vmq,1,0,0
2026-10-09,mixteco,vmx,5,3,0
2026-10-09,mixteco,xta,7,3,0
2026-10-09,mixteco,xtb,1,0,0
2026-10-09,mixteco,xtd,24,22,0
2026-10-09,mixteco,xti,10,81,0
2026-10-09,mixteco,xtj,5,3,0
2026-10-09,mixteco,xtl,5,3,0
2026-10-09,mixteco,xtm,24,22,0
2026-10-09,mixteco,xtn,13,15,0
2026-10-09,mixteco,xtp,1,0,0
2026-10-09,mixteco,xts,1,0,0
2026-10-09,mixteco,xtt,5,3,0
2026-10-09,mixteco,xtu,5,78,0
2026-10-09,mixteco,xty,11,5,0
2026-10-09,náhuatl,azd,7,3,0
2026-10-09,náhuatl,azn,7,0,0
2026-10-09,náhuatl,azz,30,27,0
2026-10-09,náhuatl,naz,7,3,0
2026-10-09,náhuatl,nch,23,22,0
2026-10-09,náhuatl,ncj,25,22,0
2026-10-09,náhuatl,ncl,22,22,0
2026-10-09,náhuatl,ncx,11,90,0
2026-10-09,náhuatl,ngu,27,112,0
2026-10-09,náhuatl,nhc,3,0,0
2026-10-09,náhuatl,nhe,34,108,1
2026-10-09,náhuatl,nhg,29,104,0
2026-10-09,náhuatl,nhi,31,100,0
2026-10-09,náhuatl,nhk,8,12,0
2026-10-09,náhuatl,nhm,3,0,0
2026-10-09,náhuatl,nhn,16,91,0
2026-10-09,náhuatl,nhp,7,3,0
2026-10-09,náhuatl,nhq,7,79,0
2026-10-09,náhuatl,nht,3,0,0
2026-10-09,náhuatl,nhv,7,3,0
2026-10-09,náhuatl,nhw,25,22,0
2026-10-09,náhuatl,nhx,18,22,0
2026-10-09,náhuatl,nhy,22,22,0
2026-10-09,náhuatl,nhz,6,3,0
2026-10-09,náhuatl,nlv,13,91,0
2026-10-09,náhuatl,npl,25,22,0
2026-10-09,náhuatl,nsu,11,19,0
2026-10-09,náhuatl,nuz,4,2,0
2026-10-09,náhuatl,nah,76,43,0
2026-10-09,oluteco,plo,3,0,0
2026-10-09,otomí,ote,31,22,0
2026-10-09,otomí,otl,2,0,0
2026-10-09,otomí,otm,22,22,0
2026-10-09,otomí,otn,16,19,0
2026-10-09,otomí,otq,23,109,0
2026-10-09,otomí,ots,24,15,0
2026-10-09,otomí,ott,7,5,1
2026-10-09,otomí,otx,5,3,0
2026-10-09,otomí,otz,2,0,0
2026-10-09,paipai,ppi,7,3,4
2026-10-09,pame,pbs,11,81,0
2026-10-09,pame,pmq,20,99,0
2026-10-09,pápago,ood,25,25,0
2026-10-09,pima,pia,8,3,0
2026-10-09,popoloca,pbe,2,0,0
2026-10-09,popoloca,pbf,2,0,0
2026-10-09,popoloca,pca,6,3,22
2026-10-09,popoloca,pls,26,22,6
2026-10-09,popoloca,poe,28,100,23
2026-10-09,popoloca,pow,10,81,0
2026-10-09,popoloca,pps,12,18,0
2026-10-09,popoluca de la Sierra,poi,27,15,30
2026-10-09,qato'k,mhc,7,3,23
2026-10-09,Q'anjob'al,kjb,23,30,0
2026-10-09,Q'eqchí',kek,43,113,0
2026-10-09,sayulteco,pos,12,15,344
2026-10-09,seri,sei,12,81,2
2026-10-09,tarahumara,tac,21,22,0
2026-10-09,tarahumara,tar,23,94,2
2026-10-09,tarahumara,tcu,5,3,0
2026-10-09,tarahumara,thh,2,0,0
2026-10-09,tarahumara,twr,5,3,0
2026-10-09,tarasco,pua,8,83,4
2026-10-09,tarasco,tsz,22,15,0
2026-10-09,Teko,ttc,25,23,1
2026-10-09,tepehua,tee,22,15,1
2026-10-09,tepehua,tpp,12,15,0
2026-10-09,tepehua,tpt,18,12,0
2026-10-09,tepehuano del norte,ntp,24,22,0
2026-10-09,tepehuano del sur,stp,21,22,3
2026-10-09,tepehuano del sur,tla,5,3,0
2026-10-09,texistepequeño,poq,2,0,0
2026-10-09,tlahuica,ocu,8,3,0
2026-10-09,tlapaneco,tcf,18,93,0
2026-10-09,tlapaneco,tpc,4,0,0
2026-10-09,tlapaneco,tpl,17,81,0
2026-10-09,tlapaneco,tpx,7,3,0
2026-10-09,tojolabal,toj,27,106,0
2026-10-09,totonaco,tcw,1,0,0
2026-10-09,totonaco,tku,24,15,0
2026-10-09,totonaco,tlc,3,0,2
2026-10-09,totonaco,tlp,10,82,0
2026-10-09,totonaco,toc,22,15,0
2026-10-09,totonaco,too,24,15,0
2026-10-09,totonaco,top,31,21,0
2026-10-09,totonaco,tos,25,17,4
2026-10-09,totonaco,tqt,1,0,0
2026-10-09,triqui,trc,27,28,11
2026-10-09,triqui,trq,19,101,0
2026-10-09,triqui,trs,17,30,0
2026-10-09,tseltal,tzh,19,106,0
2026-10-09,tsotsil,tzo,32,113,2
2026-10-09,yaqui,yaq,26,101,0
2026-10-09,zapoteco,zap,27,100,0
2026-10-09,zapoteco,zaq,3,0,0
2026-10-09,zapoteco,zpo,24,15,0
2026-10-09,zapoteco,zoo,1,0,4
2026-10-09,zapoteco,zaf,7,3,0
2026-10-09,zapoteco,zad,25,15,0
2026-10-09,zapoteco,zpv,27,93,0
2026-10-09,zapoteco,zpc,22,15,0
2026-10-09,zapoteco,zca,22,15,0
2026-10-09,zapoteco,zps,7,3,0
2026-10-09,zapoteco,zam,27,25,0
2026-10-09,zapoteco,zpp,5,3,0
2026-10-09,zapoteco,zte,6,3,2
2026-10-09,zapoteco,zpg,12,15,0
2026-10-09,zapoteco,ztu,12,78,0
2026-10-09,zapoteco,zai,27,21,6
2026-10-09,zapoteco,zpa,11,15,0
2026-10-09,zapoteco,zpl,22,15,0
2026-10-09,zapoteco,ztl,6,3,0
2026-10-09,zapoteco,ztp,11,81,0
2026-10-09,zapoteco,zpy,9,81,0
2026-10-09,zapoteco,zaw,25,15,0
2026-10-09,zapoteco,zpm,24,15,0
2026-10-09,zapoteco,zac,24,15,0
2026-10-09,zapoteco,zao,24,15,0
2026-10-09,zapoteco,zpe,5,1,1
2026-10-09,zapoteco,zpj,11,15,0
2026-10-09,zapoteco,ztq,22,15,0
2026-10-09,zapoteco,zar,22,15,0
2026-10-09,zapoteco,ztm,2,0,0
2026-10-09,zapoteco,zpx,7,3,0
2026-10-09,zapoteco,zpf,4,2,0
2026-10-09,zapoteco,zpt,10,12,0
2026-10-09,zapoteco,ztn,6,78,0
2026-10-09,zapoteco,zpn,7,3,0
2026-10-09,zapoteco,zpi,11,12,0
2026-10-09,zapoteco,zpr,7,3,0
2026-10-09,zapoteco,zas,23,15,0
2026-10-09,zapoteco,zaa,22,15,1
2026-10-09,zapoteco,zpd,5,5,0
2026-10-09,zapoteco,zat,23,15,0
2026-10-09,zapoteco,ztt,2,0,0
2026-10-09,zapoteco,zpz,22,15,0
2026-10-09,zapoteco,zts,11,81,0
2026-10-09,zapoteco,zpk,6,3,0
2026-10-09,zapoteco,zph,5,3,0
2026-10-09,zapoteco,zab,22,15,0
2026-10-09,zapoteco,zax,1,0,0
2026-10-09,zapoteco,ztg,11,81,0
2026-10-09,zapoteco,zpu,24,15,0
2026-10-09,zapoteco,zae,13,15,0
2026-10-09,zapoteco,zty,21,15,0
2026-10-09,zapoteco,zav,24,15,0
2026-10-09,zapoteco,zpb,1,0,0
2026-10-09,zapoteco,ztx,5,3,0
2026-10-09,zapoteco,zpw,7,3,0
2026-10-09,zapoteco,zpq,24,15,0
2026-10-09,zoque,zoc,7,83,0
2026-10-09,zoque,zoh,14,81,0
2026-10-09,zoque,zor,7,78,0
2026-10-09,zoque,zos,24,15,0
