snapshot_date,inali_name,iso639_3,entry,script,variant_subtag,training_hours,cer
2026-10-05,Akateko,knj,knj_Latn,Latn,,27.4,2.7
2026-10-05,amuzgo,amu,amu_Latn,Latn,,7.0,3.7
2026-10-05,amuzgo,azg,azg_Latn,Latn,,47.6,3.3
2026-10-05,Awakateko,agu,agu_Latn,Latn,,21.9,3.5
2026-10-05,cora,cok,cok_Latn,Latn,,58.7,2.5
2026-10-05,cora,crn,crn_Latn,Latn,,32.3,4.1
2026-10-05,cuicateco,cut,cut_Latn,Latn,,7.1,10.7
2026-10-05,cuicateco,cux,cux_Latn,Latn,,7.2,12.6
2026-10-05,chatino,cly,cly_Latn,Latn,,17.8,2.8
2026-10-05,chatino,cya,cya_Latn,Latn,,17.8,2.3
2026-10-05,chinanteco,cco,cco_Latn,Latn,,21.0,2.5
2026-10-05,chinanteco,chq,chq_Latn,Latn,,6.5,34.2
2026-10-05,chinanteco,chz,chz_Latn,Latn,,20.7,3.9
2026-10-05,chinanteco,cle,cle_Latn,Latn,,40.9,1.4
2026-10-05,chinanteco,cnl,cnl_Latn,Latn,,41.5,2.3
2026-10-05,chinanteco,cnt,cnt_Latn,Latn,,18.3,3.4
2026-10-05,chinanteco,cpa,cpa_Latn,Latn,,20.9,2.1
2026-10-05,chinanteco,cso,cso_Latn,Latn,,42.5,1.0
2026-10-05,chinanteco,cte,cte_Latn,Latn,,6.9,29.2
2026-10-05,chinanteco,ctl,ctl_Latn,Latn,,6.2,16.8
2026-10-05,chinanteco,cuc,cuc_Latn,Latn,,19.5,2.6
2026-10-05,chontal de Tabasco,chf,chf_Latn,Latn,,4.9,1.2
2026-10-05,Chuj,cac,cac_Latn,Latn,,55.1,3.0
2026-10-05,ch'ol,ctu,ctu_Latn,Latn,,26.5,3.3
2026-10-05,guarijío,var,var_Latn,Latn,,7.2,7.2
2026-10-05,huasteco,hus,hus_Latn,Latn,,62.1,0.8
2026-10-05,huave,hue,hue_Latn,Latn,,6.3,17.2
2026-10-05,huave,huv,huv_Latn,Latn,,22.7,2.0
2026-10-05,huichol,hch,hch_Latn,Latn,,5.1,8.4
2026-10-05,Ixil,ixl,ixl_Latn,Latn,,109.7,1.8
2026-10-05,Jakalteko,jac,jac_Latn,Latn,,27.0,2.7
2026-10-05,Kaqchikel,cak,cak_Latn,Latn,,203.8,1.9
2026-10-05,K'iche',quc,quc_Latn,Latn,,100.8,2.2
2026-10-05,lacandón,lac,lac_Latn,Latn,,33.4,1.5
2026-10-05,Mam,mam,mam_Latn,Latn,,125.6,3.6
2026-10-05,maya,yua,yua_Latn,Latn,,108.1,1.6
2026-10-05,mayo,mfy,mfy_Latn,Latn,,25.5,2.4
2026-10-05,mazahua,maz,maz_Latn,Latn,,30.9,2.7
2026-10-05,mazahua,mmc,mmc_Latn,Latn,,7.4,19.2
2026-10-05,mazateco,maa,maa_Latn,Latn,,39.8,3.0
2026-10-05,mazateco,maj,maj_Latn,Latn,,37.7,1.5
2026-10-05,mazateco,maq,maq_Latn,Latn,,3.9,2.2
2026-10-05,mazateco,mau,mau_Latn,Latn,,58.1,9.4
2026-10-05,mazateco,mzi,mzi_Latn,Latn,,35.7,2.4
2026-10-05,mazateco,vmp,vmp_Latn,Latn,,6.0,12.7
2026-10-05,mazateco,vmy,vmy_Latn,Latn,,18.9,1.1
2026-10-05,mazateco,vmz,vmz_Latn,Latn,,4.0,13.9
2026-10-05,mixe,mco,mco_Latn,Latn,,47.0,4.2
2026-10-05,mixe,mto,mto_Latn,Latn,,50.2,1.1
2026-10-05,mixe,mxq,mxq_Latn,Latn,,19.1,2.1
2026-10-05,mixe,mzl,mzl_Latn,Latn,,6.4,20.0
2026-10-05,mixteco,jmx,jmx_Latn,Latn,,7.1,18.5
2026-10-05,mixteco,mab,mab_Latn,Latn,,7.1,31.9
2026-10-05,mixteco,mdv,mdv_Latn,Latn,,1.6,1.9
2026-10-05,mixteco,meh,meh_Latn,Latn,,6.1,11.0
2026-10-05,mixteco,mib,mib_Latn,Latn,,50.4,2.0
2026-10-05,mixteco,mie,mie_Latn,Latn,,26.3,1.8
2026-10-05,mixteco,mig,mig_Latn,Latn,,6.4,33.0
2026-10-05,mixteco,mih,mih_Latn,Latn,,51.1,1.5
2026-10-05,mixteco,mil,mil_Latn,Latn,,62.0,1.3
2026-10-05,mixteco,mim,mim_Latn,Latn,,74.2,0.8
2026-10-05,mixteco,mio,mio_Latn,Latn,,24.5,1.1
2026-10-05,mixteco,mip,mip_Latn,Latn,,36.1,1.7
2026-10-05,mixteco,mit,mit_Latn,Latn,,25.3,2.3
2026-10-05,mixteco,miu,miu_Latn,Latn,,6.0,16.1
2026-10-05,mixteco,miy,miy_Latn,Latn,,47.1,2.4
2026-10-05,mixteco,miz,miz_Latn,Latn,,20.5,4.9
2026-10-05,mixteco,mpm,mpm_Latn,Latn,,57.6,1.4
2026-10-05,mixteco,mtu,mtu_Latn,Latn,,6.5,43.7
2026-10-05,mixteco,mtx,mtx_Latn,Latn,,6.4,38.5
2026-10-05,mixteco,mxb,mxb_Latn,Latn,,55.9,1.3
2026-10-05,mixteco,mxs,mxs_Latn,Latn,,6.3,42.9
2026-10-05,mixteco,mxt,mxt_Latn,Latn,,48.7,1.8
2026-10-05,mixteco,mxv,mxv_Latn,Latn,,51.1,1.0
2026-10-05,mixteco,mxy,mxy_Latn,Latn,,6.6,25.8
2026-10-05,mixteco,mza,mza_Latn,Latn,,29.2,1.4
2026-10-05,mixteco,vmc,vmc_Latn,Latn,,6.5,21.3
2026-10-05,mixteco,vmj,vmj_Latn,Latn,,6.5,14.5
2026-10-05,mixteco,vmm,vmm_Latn,Latn,,6.9,24.9
2026-10-05,mixteco,xta,xta_Latn,Latn,,3.5,1.5
2026-10-05,mixteco,xtd,xtd_Latn,Latn,,62.8,1.8
2026-10-05,mixteco,xti,xti_Latn,Latn,,6.4,36.5
2026-10-05,mixteco,xtm,xtm_Latn,Latn,,52.5,0.6
2026-10-05,mixteco,xtn,xtn_Latn,Latn,,23.8,2.8
2026-10-05,mixteco,xtu,xtu_Latn,Latn,,6.7,20.4
2026-10-05,náhuatl,azz,azz_Latn,Latn,,36.9,0.8
2026-10-05,náhuatl,nch,nch_Latn,Latn,,73.5,0.6
2026-10-05,náhuatl,ncj,ncj_Latn,Latn,,51.2,0.9
2026-10-05,náhuatl,ncl,ncl_Latn,Latn,,12.5,0.5
2026-10-05,náhuatl,ncx,ncx_Latn,Latn,,22.3,1.5
2026-10-05,náhuatl,ngu,ngu_Latn,Latn,,54.2,3.3
2026-10-05,náhuatl,nhe,nhe_Latn,Latn,,25.7,0.4
2026-10-05,náhuatl,nhg,nhg_Latn,Latn,,6.6,28.7
2026-10-05,náhuatl,nhi,nhi_Latn,Latn,,21.7,9.5
2026-10-05,náhuatl,nhn,nhn_Latn,Latn,,5.4,33.1
2026-10-05,náhuatl,nhq,nhq_Latn,Latn,,6.2,19.6
2026-10-05,náhuatl,nhw,nhw_Latn,Latn,,25.3,0.3
2026-10-05,náhuatl,nhx,nhx_Latn,Latn,,82.6,1.0
2026-10-05,náhuatl,nhy,nhy_Latn,Latn,,43.0,0.7
2026-10-05,náhuatl,nlv,nlv_Latn,Latn,,8.5,1.7
2026-10-05,náhuatl,npl,npl_Latn,Latn,,23.1,1.2
2026-10-05,náhuatl,nsu,nsu_Latn,Latn,,39.5,0.6
2026-10-05,náhuatl,nuz,nuz_Latn,Latn,,4.6,1.4
2026-10-05,otomí,ote,ote_Latn,Latn,,21.0,0.9
2026-10-05,otomí,otq,otq_Latn,Latn,,15.9,6.8
2026-10-05,pame,pbs,pbs_Latn,Latn,,6.7,11.6
2026-10-05,pame,pmq,pmq_Latn,Latn,,4.3,35.5
2026-10-05,pápago,ood,ood_Latn,Latn,,23.5,3.6
2026-10-05,popoloca,pls,pls_Latn,Latn,,40.5,1.3
2026-10-05,popoloca,poe,poe_Latn,Latn,,6.2,14.3
2026-10-05,popoloca,pow,pow_Latn,Latn,,6.6,28.0
2026-10-05,popoloca,pps,pps_Latn,Latn,,38.9,3.2
2026-10-05,popoluca de la Sierra,poi,poi_Latn,Latn,,49.5,0.9
2026-10-05,Q'anjob'al,kjb,kjb_Latn,Latn,,23.8,2.3
2026-10-05,Q'eqchí',kek,kek_Latn,Latn,,47.0,2.0
2026-10-05,seri,sei,sei_Latn,Latn,,7.1,7.1
2026-10-05,tarahumara,tac,tac_Latn,Latn,,31.5,1.3
2026-10-05,tarahumara,tar,tar_Latn,Latn,,11.1,12.8
2026-10-05,tarasco,pua,pua_Latn,Latn,,7.1,3.9
2026-10-05,tarasco,tsz,tsz_Latn,Latn,,64.1,1.5
2026-10-05,Teko,ttc,ttc_Latn,Latn,,53.0,0.6
2026-10-05,tepehua,tee,tee_Latn,Latn,,30.9,1.1
2026-10-05,tepehua,tpp,tpp_Latn,Latn,,23.4,1.4
2026-10-05,tepehua,tpt,tpt_Latn,Latn,,22.4,1.5
2026-10-05,tepehuano del sur,stp,stp_Latn,Latn,,25.6,1.2
2026-10-05,tlapaneco,tcf,tcf_Latn,Latn,,67.6,15.4
2026-10-05,tlapaneco,tpl,tpl_Latn,Latn,,1.8,18.1
2026-10-05,totonaco,tlp,tlp_Latn,Latn,,4.6,12.1
2026-10-05,totonaco,toc,toc_Latn,Latn,,28.1,2.8
2026-10-05,totonaco,top,top_Latn,Latn,,77.1,12.7
2026-10-05,totonaco,tos,tos_Latn,Latn,,36.4,1.6
2026-10-05,triqui,trc,trc_Latn,Latn,,13.5,1.5
2026-10-05,triqui,trq,trq_Latn,Latn,,6.0,12.2
2026-10-05,triqui,trs,trs_Latn,Latn,,49.1,1.4
2026-10-05,tseltal,tzh,tzh_Latn,Latn,,84.3,0.7
2026-10-05,tsotsil,tzo,tzo_Latn,Latn,,141.4,0.9
2026-10-05,yaqui,yaq,yaq_Latn,Latn,,7.3,4.7
2026-10-05,zapoteco,zaa,zaa_Latn,Latn,,24.5,3.8
2026-10-05,zapoteco,zab,zab_Latn,Latn,,20.7,1.4
2026-10-05,zapoteco,zac,zac_Latn,Latn,,2.0,3.2
2026-10-05,zapoteco,zad,zad_Latn,Latn,,19.0,1.9
2026-10-05,zapoteco,zae,zae_Latn,Latn,,27.6,0.8
2026-10-05,zapoteco,zai,zai_Latn,Latn,,85.2,1.0
2026-10-05,zapoteco,zam,zam_Latn,Latn,,6.5,2.9
2026-10-05,zapoteco,zao,zao_Latn,Latn,,15.9,1.7
2026-10-05,zapoteco,zaq,zaq_Latn,Latn,,56.6,2.1
2026-10-05,zapoteco,zar,zar_Latn,Latn,,45.3,1.5
2026-10-05,zapoteco,zas,zas_Latn,Latn,,19.1,1.1
2026-10-05,zapoteco,zav,zav_Latn,Latn,,8.2,2.6
2026-10-05,zapoteco,zaw,zaw_Latn,Latn,,19.2,2.1
2026-10-05,zapoteco,zca,zca_Latn,Latn,,11.2,2.0
2026-10-05,zapoteco,zpc,zpc_Latn,Latn,,54.0,0.9
2026-10-05,zapoteco,zpg,zpg_Latn,Latn,,42.7,0.6
2026-10-05,zapoteco,zpi,zpi_Latn,Latn,,17.2,1.2
2026-10-05,zapoteco,zpl,zpl_Latn,Latn,,20.2,1.8
2026-10-05,zapoteco,zpm,zpm_Latn,Latn,,18.6,2.1
2026-10-05,zapoteco,zpo,zpo_Latn,Latn,,16.6,2.5
2026-10-05,zapoteco,zpt,zpt_Latn,Latn,,40.0,0.7
2026-10-05,zapoteco,zpu,zpu_Latn,Latn,,33.8,2.3
2026-10-05,zapoteco,zpv,zpv_Latn,Latn,,5.9,29.1
2026-10-05,zapoteco,zpy,zpy_Latn,Latn,,6.5,28.4
2026-10-05,zapoteco,zpz,zpz_Latn,Latn,,43.7,0.9
2026-10-05,zapoteco,ztg,ztg_Latn,Latn,,6.2,5.8
2026-10-05,zapoteco,ztn,ztn_Latn,Latn,,5.3,21.4
2026-10-05,zapoteco,ztp,ztp_Latn,Latn,,3.8,20.1
2026-10-05,zapoteco,ztq,ztq_Latn,Latn,,15.1,1.2
2026-10-05,zapoteco,zts,zts_Latn,Latn,,4.5,36.4
2026-10-05,zapoteco,ztu,ztu_Latn,Latn,,5.9,20.0
2026-10-05,zapoteco,zty,zty_Latn,Latn,,19.8,5.9
2026-10-05,zoque,zoc,zoc_Latn,Latn,,7.0,4.4
2026-10-05,zoque,zoh,zoh_Latn,Latn,,6.4,14.5
2026-10-05,zoque,zor,zor_Latn,Latn,,7.0,8.0
2026-10-05,zoque,zos,zos_Latn,Latn,,21.4,19.8
