category,languoids,source
Dialect,13706,glottolog-cldf v5.3 (doi:10.5281/zenodo.18840967)
Spoken_L1_Language,7674,glottolog-cldf v5.3 (doi:10.5281/zenodo.18840967)
Family,4646,glottolog-cldf v5.3 (doi:10.5281/zenodo.18840967)
Bookkeeping,380,glottolog-cldf v5.3 (doi:10.5281/zenodo.18840967)
Sign_Language,227,glottolog-cldf v5.3 (doi:10.5281/zenodo.18840967)
Pseudo_Family,207,glottolog-cldf v5.3 (doi:10.5281/zenodo.18840967)
Unclassifiable,128,glottolog-cldf v5.3 (doi:10.5281/zenodo.18840967)
Pidgin,87,glottolog-cldf v5.3 (doi:10.5281/zenodo.18840967)
Unattested,68,glottolog-cldf v5.3 (doi:10.5281/zenodo.18840967)
Artificial_Language,31,glottolog-cldf v5.3 (doi:10.5281/zenodo.18840967)
Speech_Register,19,glottolog-cldf v5.3 (doi:10.5281/zenodo.18840967)
Mixed_Language,4,glottolog-cldf v5.3 (doi:10.5281/zenodo.18840967)
